TimeSlice,LogName,Label
5399328,messages,0
5399329,messages,0
5399330,messages,0
5399331,messages,0
5399332,messages,0
5399333,messages,0
5399334,messages,0
5399335,messages,0
5399336,messages,0
5399337,messages,0
5399338,messages,0
5399339,messages,0
5399340,messages,0
5399341,messages,0
5399342,messages,0
5399343,messages,0
5399344,messages,0
5399345,messages,0
5399346,messages,0
5399347,messages,0
5399348,messages,0
5399349,messages,0
5399350,messages,0
5399351,messages,0
5399352,messages,0
5399353,messages,0
5399354,messages,0
5399355,messages,0
5399356,messages,0
5399357,messages,0
5399358,messages,0
5399359,messages,0
5399360,messages,0
5399361,messages,0
5399362,messages,0
5399363,messages,0
5399364,messages,0
5399365,messages,0
5399366,messages,0
5399367,messages,0
5399368,messages,0
5399369,messages,0
5399370,messages,0
5399371,messages,0
5399372,messages,0
5399373,messages,0
5399374,messages,0
5399375,messages,0
5399376,messages,0
5399377,messages,0
5399378,messages,0
5399379,messages,0
5399380,messages,0
5399381,messages,0
5399382,messages,0
5399383,messages,0
5399384,messages,0
5399385,messages,0
5399386,messages,0
5399387,messages,0
5399388,messages,0
5399389,messages,0
5399390,messages,0
5399391,messages,0
5399392,messages,0
5399393,messages,0
5399394,messages,0
5399395,messages,0
5399396,messages,0
5399397,messages,0
5399398,messages,0
5399399,messages,0
5399400,messages,0
5399401,messages,0
5399402,messages,0
5399403,messages,0
5399404,messages,0
5399405,messages,0
5399406,messages,0
5399407,messages,0
5399408,messages,0
5399409,messages,0
5399410,messages,0
5399411,messages,0
5399412,messages,0
5399413,messages,0
5399414,messages,0
5399415,messages,0
5399416,messages,0
5399417,messages,0
5399418,messages,0
5399419,messages,0
5399420,messages,0
5399421,messages,0
5399422,messages,0
5399423,messages,0
5399424,messages,0
5399425,messages,0
5399426,messages,0
5399427,messages,0
5399428,messages,0
5399429,messages,0
5399430,messages,0
5399431,messages,0
5399432,messages,0
5399433,messages,0
5399434,messages,0
5399435,messages,0
5399436,messages,0
5399437,messages,0
5399438,messages,0
5399439,messages,0
5399440,messages,0
5399441,messages,0
5399442,messages,0
5399443,messages,0
5399444,messages,0
5399445,messages,0
5399446,messages,0
5399447,messages,0
5399448,messages,0
5399449,messages,0
5399450,messages,0
5399451,messages,0
5399452,messages,0
5399453,messages,0
5399454,messages,0
5399455,messages,0
5399456,messages,0
5399457,messages,0
5399458,messages,0
5399459,messages,0
5399460,messages,0
5399461,messages,0
5399462,messages,0
5399463,messages,0
5399464,messages,0
5399465,messages,0
5399466,messages,0
5399467,messages,0
5399468,messages,0
5399469,messages,0
5399470,messages,0
5399471,messages,0
5399472,messages,0
5399473,messages,0
5399474,messages,0
5399475,messages,0
5399476,messages,0
5399477,messages,0
5399478,messages,0
5399479,messages,0
5399480,messages,0
5399481,messages,0
5399482,messages,0
5399483,messages,0
5399484,messages,0
5399485,messages,0
5399486,messages,0
5399487,messages,0
5399488,messages,0
5399489,messages,0
5399490,messages,0
5399491,messages,0
5399492,messages,0
5399493,messages,0
5399494,messages,0
5399495,messages,0
5399496,messages,0
5399497,messages,0
5399498,messages,0
5399499,messages,0
5399500,messages,0
5399501,messages,0
5399502,messages,0
5399503,messages,0
5399504,messages,0
5399505,messages,0
5399506,messages,0
5399507,messages,0
5399508,messages,0
5399509,messages,0
5399510,messages,0
5399511,messages,0
5399512,messages,0
5399513,messages,0
5399514,messages,0
5399515,messages,0
5399516,messages,0
5399517,messages,0
5399518,messages,0
5399519,messages,0
5399520,messages,0
5399521,messages,0
5399522,messages,0
5399523,messages,0
5399524,messages,0
5399525,messages,0
5399526,messages,0
5399527,messages,0
5399528,messages,0
5399529,messages,0
5399530,messages,0
5399531,messages,0
5399532,messages,0
5399533,messages,0
5399534,messages,0
5399535,messages,0
5399536,messages,0
5399537,messages,0
5399538,messages,0
5399539,messages,0
5399540,messages,0
5399541,messages,0
5399542,messages,0
5399543,messages,0
5399544,messages,0
5399545,messages,0
5399546,messages,0
5399547,messages,0
5399548,messages,0
5399549,messages,0
5399550,messages,0
5399551,messages,0
5399552,messages,0
5399553,messages,0
5399554,messages,0
5399555,messages,0
5399556,messages,0
5399557,messages,0
5399558,messages,0
5399559,messages,0
5399560,messages,0
5399561,messages,0
5399562,messages,0
5399563,messages,0
5399564,messages,0
5399565,messages,0
5399566,messages,0
5399567,messages,0
5399568,messages,0
5399569,messages,0
5399570,messages,0
5399571,messages,0
5399572,messages,0
5399573,messages,0
5399574,messages,0
5399575,messages,0
5399576,messages,0
5399577,messages,0
5399578,messages,0
5399579,messages,0
5399580,messages,0
5399581,messages,0
5399582,messages,0
5399583,messages,0
5399584,messages,0
5399585,messages,0
5399586,messages,0
5399587,messages,0
5399588,messages,0
5399589,messages,0
5399590,messages,0
5399591,messages,0
5399592,messages,0
5399593,messages,0
5399594,messages,0
5399595,messages,0
5399596,messages,0
5399597,messages,0
5399598,messages,0
5399599,messages,0
5399600,messages,0
5399601,messages,0
5399602,messages,0
5399603,messages,0
5399604,messages,0
5399605,messages,0
5399606,messages,0
5399607,messages,0
5399608,messages,0
5399609,messages,0
5399610,messages,0
5399611,messages,0
5399612,messages,0
5399613,messages,0
5399614,messages,0
5399615,messages,0
5399903,messages,0
5399616,messages,0
5399617,messages,0
5399618,messages,0
5399619,messages,0
5399620,messages,0
5399621,messages,0
5399622,messages,0
5399623,messages,0
5399624,messages,0
5399625,messages,0
5399626,messages,0
5399627,messages,0
5399628,messages,0
5399629,messages,0
5399630,messages,0
5399631,messages,0
5399632,messages,0
5399633,messages,0
5399634,messages,0
5399635,messages,0
5399636,messages,0
5399637,messages,0
5399638,messages,0
5399639,messages,0
5399640,messages,0
5399641,messages,0
5399642,messages,0
5399643,messages,0
5399644,messages,0
5399645,messages,0
5399646,messages,0
5399647,messages,0
5399648,messages,0
5399649,messages,0
5399650,messages,0
5399651,messages,0
5399652,messages,0
5399653,messages,0
5399654,messages,0
5399655,messages,0
5399656,messages,0
5399657,messages,0
5399658,messages,0
5399659,messages,0
5399660,messages,0
5399661,messages,0
5399662,messages,0
5399663,messages,0
5399664,messages,0
5399665,messages,0
5399666,messages,0
5399667,messages,0
5399668,messages,0
5399669,messages,0
5399670,messages,0
5399671,messages,0
5399672,messages,0
5399673,messages,0
5399674,messages,0
5399675,messages,0
5399676,messages,0
5399677,messages,0
5399678,messages,0
5399679,messages,0
5399680,messages,0
5399681,messages,0
5399682,messages,0
5399683,messages,0
5399684,messages,0
5399685,messages,0
5399686,messages,0
5399687,messages,0
5399688,messages,0
5399689,messages,0
5399690,messages,0
5399691,messages,0
5399692,messages,0
5399693,messages,0
5399694,messages,0
5399695,messages,0
5399696,messages,0
5399697,messages,0
5399698,messages,0
5399699,messages,0
5399700,messages,0
5399701,messages,0
5399702,messages,0
5399703,messages,0
5399704,messages,0
5399705,messages,0
5399706,messages,0
5399707,messages,0
5399708,messages,0
5399709,messages,0
5399710,messages,0
5399711,messages,0
5399712,messages,0
5399713,messages,0
5399714,messages,0
5399715,messages,0
5399716,messages,0
5399717,messages,0
5399718,messages,0
5399719,messages,0
5399720,messages,0
5399721,messages,0
5399722,messages,0
5399723,messages,0
5399724,messages,0
5399725,messages,0
5399726,messages,0
5399727,messages,0
5399728,messages,0
5399729,messages,0
5399730,messages,0
5399731,messages,0
5399732,messages,0
5399733,messages,0
5399734,messages,0
5399735,messages,0
5399736,messages,0
5399737,messages,0
5399738,messages,0
5399739,messages,0
5399740,messages,0
5399741,messages,0
5399742,messages,0
5399743,messages,0
5399744,messages,0
5399745,messages,0
5399746,messages,0
5399747,messages,0
5399748,messages,0
5399749,messages,0
5399750,messages,0
5399751,messages,0
5399752,messages,0
5399753,messages,0
5399754,messages,0
5399755,messages,0
5399756,messages,0
5399757,messages,0
5399758,messages,0
5399759,messages,0
5399760,messages,0
5399761,messages,0
5399762,messages,0
5399763,messages,0
5399764,messages,0
5399765,messages,0
5399766,messages,0
5399767,messages,0
5399768,messages,0
5399769,messages,0
5399770,messages,0
5399771,messages,0
5399772,messages,0
5399773,messages,0
5399774,messages,0
5399775,messages,0
5399776,messages,0
5399777,messages,0
5399778,messages,0
5399779,messages,0
5399780,messages,0
5399781,messages,0
5399782,messages,0
5399783,messages,0
5399784,messages,0
5399785,messages,0
5399786,messages,0
5399787,messages,0
5399788,messages,0
5399789,messages,0
5399790,messages,0
5399791,messages,0
5399792,messages,0
5399793,messages,0
5399794,messages,0
5399795,messages,0
5399796,messages,0
5399797,messages,0
5399798,messages,0
5399799,messages,0
5399800,messages,0
5399801,messages,0
5399802,messages,0
5399803,messages,0
5399804,messages,0
5399805,messages,0
5399806,messages,0
5399807,messages,0
5399808,messages,0
5399809,messages,0
5399810,messages,0
5399811,messages,0
5399812,messages,0
5399813,messages,0
5399814,messages,0
5399815,messages,0
5399816,messages,0
5399817,messages,0
5399818,messages,0
5399819,messages,0
5399820,messages,0
5399821,messages,0
5399822,messages,0
5399823,messages,0
5399824,messages,0
5399825,messages,0
5399826,messages,0
5399827,messages,0
5399828,messages,0
5399829,messages,0
5399830,messages,0
5399831,messages,0
5399832,messages,0
5399833,messages,0
5399834,messages,0
5399835,messages,0
5399836,messages,0
5399837,messages,0
5399838,messages,0
5399839,messages,0
5399840,messages,0
5399841,messages,0
5399842,messages,0
5399843,messages,0
5399844,messages,0
5399845,messages,0
5399846,messages,0
5399847,messages,0
5399848,messages,0
5399849,messages,0
5399850,messages,0
5399851,messages,0
5399852,messages,0
5399853,messages,0
5399854,messages,0
5399855,messages,0
5399856,messages,0
5399857,messages,0
5399858,messages,0
5399859,messages,0
5399860,messages,0
5399861,messages,0
5399862,messages,0
5399863,messages,0
5399864,messages,0
5399865,messages,0
5399866,messages,0
5399867,messages,0
5399868,messages,0
5399869,messages,0
5399870,messages,0
5399871,messages,0
5399872,messages,0
5399873,messages,0
5399874,messages,0
5399875,messages,0
5399876,messages,0
5399877,messages,0
5399878,messages,0
5399879,messages,0
5399880,messages,0
5399881,messages,0
5399882,messages,0
5399883,messages,0
5399884,messages,0
5399885,messages,0
5399886,messages,0
5399887,messages,0
5399888,messages,0
5399889,messages,0
5399890,messages,0
5399891,messages,0
5399892,messages,0
5399893,messages,0
5399894,messages,0
5399895,messages,0
5399896,messages,0
5399897,messages,0
5399898,messages,0
5399899,messages,0
5399900,messages,0
5399901,messages,0
5399902,messages,0
5400191,messages,0
5399904,messages,0
5399905,messages,0
5399906,messages,0
5399907,messages,0
5399908,messages,0
5399909,messages,0
5399910,messages,0
5399911,messages,0
5399912,messages,0
5399913,messages,0
5399914,messages,0
5399915,messages,0
5399916,messages,0
5399917,messages,0
5399918,messages,0
5399919,messages,0
5399920,messages,0
5399921,messages,0
5399922,messages,0
5399923,messages,0
5399924,messages,0
5399925,messages,0
5399926,messages,0
5399927,messages,0
5399928,messages,0
5399929,messages,0
5399930,messages,0
5399931,messages,0
5399932,messages,0
5399933,messages,0
5399934,messages,0
5399935,messages,0
5399936,messages,0
5399937,messages,0
5399938,messages,0
5399939,messages,0
5399940,messages,0
5399941,messages,0
5399942,messages,0
5399943,messages,0
5399944,messages,0
5399945,messages,0
5399946,messages,0
5399947,messages,0
5399948,messages,0
5399949,messages,0
5399950,messages,0
5399951,messages,0
5399952,messages,0
5399953,messages,0
5399954,messages,0
5399955,messages,0
5399956,messages,0
5399957,messages,0
5399958,messages,0
5399959,messages,0
5399960,messages,0
5399961,messages,0
5399962,messages,0
5399963,messages,0
5399964,messages,0
5399965,messages,0
5399966,messages,0
5399967,messages,0
5399968,messages,0
5399969,messages,0
5399970,messages,0
5399971,messages,0
5399972,messages,0
5399973,messages,0
5399974,messages,0
5399975,messages,0
5399976,messages,0
5399977,messages,0
5399978,messages,0
5399979,messages,0
5399980,messages,0
5399981,messages,0
5399982,messages,0
5399983,messages,0
5399984,messages,0
5399985,messages,0
5399986,messages,0
5399987,messages,0
5399988,messages,0
5399989,messages,0
5399990,messages,0
5399991,messages,0
5399992,messages,0
5399993,messages,0
5399994,messages,0
5399995,messages,0
5399996,messages,0
5399997,messages,0
5399998,messages,0
5399999,messages,0
5400000,messages,0
5400001,messages,0
5400002,messages,0
5400003,messages,0
5400004,messages,0
5400005,messages,0
5400006,messages,0
5400007,messages,0
5400008,messages,0
5400009,messages,0
5400010,messages,0
5400011,messages,0
5400012,messages,0
5400013,messages,0
5400014,messages,0
5400015,messages,0
5400016,messages,0
5400017,messages,0
5400018,messages,0
5400019,messages,0
5400020,messages,0
5400021,messages,0
5400022,messages,0
5400023,messages,0
5400024,messages,0
5400025,messages,0
5400026,messages,0
5400027,messages,0
5400028,messages,0
5400029,messages,0
5400030,messages,0
5400031,messages,0
5400032,messages,0
5400033,messages,0
5400034,messages,0
5400035,messages,0
5400036,messages,0
5400037,messages,0
5400038,messages,0
5400039,messages,0
5400040,messages,0
5400041,messages,0
5400042,messages,0
5400043,messages,0
5400044,messages,0
5400045,messages,0
5400046,messages,0
5400047,messages,0
5400048,messages,0
5400049,messages,0
5400050,messages,0
5400051,messages,0
5400052,messages,0
5400053,messages,0
5400054,messages,0
5400055,messages,0
5400056,messages,0
5400057,messages,0
5400058,messages,0
5400059,messages,0
5400060,messages,0
5400061,messages,0
5400062,messages,0
5400063,messages,0
5400064,messages,0
5400065,messages,0
5400066,messages,0
5400067,messages,0
5400068,messages,0
5400069,messages,0
5400070,messages,0
5400071,messages,0
5400072,messages,0
5400073,messages,0
5400074,messages,0
5400075,messages,0
5400076,messages,0
5400077,messages,0
5400078,messages,0
5400079,messages,0
5400080,messages,0
5400081,messages,0
5400082,messages,0
5400083,messages,0
5400084,messages,0
5400085,messages,0
5400086,messages,0
5400087,messages,0
5400088,messages,0
5400089,messages,0
5400090,messages,0
5400091,messages,0
5400092,messages,0
5400093,messages,0
5400094,messages,0
5400095,messages,0
5400096,messages,0
5400097,messages,0
5400098,messages,0
5400099,messages,0
5400100,messages,0
5400101,messages,0
5400102,messages,0
5400103,messages,0
5400104,messages,0
5400105,messages,0
5400106,messages,0
5400107,messages,0
5400108,messages,0
5400109,messages,0
5400110,messages,0
5400111,messages,0
5400112,messages,0
5400113,messages,0
5400114,messages,0
5400115,messages,0
5400116,messages,0
5400117,messages,0
5400118,messages,0
5400119,messages,0
5400120,messages,0
5400121,messages,0
5400122,messages,0
5400123,messages,0
5400124,messages,0
5400125,messages,0
5400126,messages,0
5400127,messages,0
5400128,messages,0
5400129,messages,0
5400130,messages,0
5400131,messages,0
5400132,messages,0
5400133,messages,0
5400134,messages,0
5400135,messages,0
5400136,messages,0
5400137,messages,0
5400138,messages,0
5400139,messages,0
5400140,messages,0
5400141,messages,0
5400142,messages,0
5400143,messages,0
5400144,messages,0
5400145,messages,0
5400146,messages,0
5400147,messages,0
5400148,messages,0
5400149,messages,0
5400150,messages,0
5400151,messages,0
5400152,messages,0
5400153,messages,0
5400154,messages,0
5400155,messages,0
5400156,messages,0
5400157,messages,0
5400158,messages,0
5400159,messages,0
5400160,messages,0
5400161,messages,0
5400162,messages,0
5400163,messages,0
5400164,messages,0
5400165,messages,0
5400166,messages,0
5400167,messages,0
5400168,messages,0
5400169,messages,0
5400170,messages,0
5400171,messages,0
5400172,messages,0
5400173,messages,0
5400174,messages,0
5400175,messages,0
5400176,messages,0
5400177,messages,0
5400178,messages,0
5400179,messages,0
5400180,messages,0
5400181,messages,0
5400182,messages,0
5400183,messages,0
5400184,messages,0
5400185,messages,0
5400186,messages,0
5400187,messages,0
5400188,messages,0
5400189,messages,0
5400190,messages,0
5400192,messages,0
5400193,messages,0
5400194,messages,0
5400195,messages,0
5400196,messages,0
5400197,messages,0
5400198,messages,0
5400199,messages,0
5400200,messages,0
5400201,messages,0
5400202,messages,0
5400203,messages,0
5400204,messages,0
5400205,messages,0
5400206,messages,0
5400207,messages,0
5400208,messages,0
5400209,messages,0
5400210,messages,0
5400211,messages,0
5400212,messages,0
5400213,messages,0
5400214,messages,0
5400215,messages,0
5400216,messages,0
5400217,messages,0
5400218,messages,0
5400219,messages,0
5400220,messages,0
5400221,messages,0
5400222,messages,0
5400223,messages,0
5400224,messages,0
5400225,messages,0
5400226,messages,0
5400227,messages,0
5400228,messages,0
5400229,messages,0
5400230,messages,0
5400231,messages,0
5400232,messages,0
5400233,messages,0
5400234,messages,0
5400235,messages,0
5400236,messages,0
5400237,messages,0
5400238,messages,0
5400239,messages,0
5400240,messages,0
5400241,messages,0
5400242,messages,0
5400243,messages,0
5400244,messages,0
5400245,messages,0
5400246,messages,0
5400247,messages,0
5400248,messages,0
5400249,messages,0
5400250,messages,0
5400251,messages,0
5400252,messages,0
5400253,messages,0
5400254,messages,0
5400255,messages,0
5400256,messages,0
5400257,messages,0
5400258,messages,0
5400259,messages,0
5400260,messages,0
5400261,messages,0
5400262,messages,0
5400263,messages,0
5400264,messages,0
5400265,messages,0
5400266,messages,0
5400267,messages,0
5400268,messages,0
5400269,messages,0
5400270,messages,0
5400271,messages,0
5400272,messages,0
5400273,messages,0
5400274,messages,0
5400275,messages,0
5400276,messages,0
5400277,messages,0
5400278,messages,0
5400279,messages,0
5400280,messages,0
5400281,messages,0
5400282,messages,0
5400283,messages,0
5400284,messages,0
5400285,messages,0
5400286,messages,0
5400287,messages,0
5400288,messages,0
5400289,messages,0
5400290,messages,0
5400291,messages,0
5400292,messages,0
5400293,messages,0
5400294,messages,0
5400295,messages,0
5400296,messages,0
5400297,messages,0
5400298,messages,0
5400299,messages,0
5400300,messages,0
5400301,messages,0
5400302,messages,0
5400303,messages,0
5400304,messages,0
5400305,messages,0
5400306,messages,0
5400307,messages,0
5400308,messages,0
5400309,messages,0
5400310,messages,0
5400311,messages,0
5400312,messages,0
5400313,messages,0
5400314,messages,0
5400315,messages,0
5400316,messages,0
5400317,messages,0
5400318,messages,0
5400319,messages,0
5400320,messages,0
5400321,messages,0
5400322,messages,0
5400323,messages,0
5400324,messages,0
5400325,messages,0
5400326,messages,0
5400327,messages,0
5400328,messages,0
5400329,messages,0
5400330,messages,0
5400331,messages,0
5400332,messages,0
5400333,messages,0
5400334,messages,0
5400335,messages,0
5400336,messages,0
5400337,messages,0
5400338,messages,0
5400339,messages,0
5400340,messages,0
5400341,messages,0
5400342,messages,0
5400343,messages,0
5400344,messages,0
5400345,messages,0
5400346,messages,0
5400347,messages,0
5400348,messages,0
5400349,messages,0
5400350,messages,0
5400351,messages,0
5400352,messages,0
5400353,messages,0
5400354,messages,0
5400355,messages,0
5400356,messages,0
5400357,messages,0
5400358,messages,0
5400359,messages,0
5400360,messages,0
5400361,messages,0
5400362,messages,0
5400363,messages,0
5400364,messages,0
5400365,messages,0
5400366,messages,0
5400367,messages,0
5400368,messages,0
5400369,messages,0
5400370,messages,0
5400371,messages,0
5400372,messages,0
5400373,messages,0
5400374,messages,0
5400375,messages,0
5400376,messages,0
5400377,messages,0
5400378,messages,0
5400379,messages,0
5400380,messages,0
5400381,messages,0
5400382,messages,0
5400383,messages,0
5400384,messages,0
5400385,messages,0
5400386,messages,0
5400387,messages,0
5400388,messages,0
5400389,messages,0
5400390,messages,0
5400391,messages,0
5400392,messages,0
5400393,messages,0
5400394,messages,0
5400395,messages,0
5400396,messages,0
5400397,messages,0
5400398,messages,0
5400399,messages,0
5400400,messages,0
5400401,messages,0
5400402,messages,0
5400403,messages,0
5400404,messages,0
5400405,messages,0
5400406,messages,0
5400407,messages,0
5400408,messages,0
5400409,messages,0
5400410,messages,0
5400411,messages,0
5400412,messages,0
5400413,messages,0
5400414,messages,0
5400415,messages,0
5400416,messages,0
5400417,messages,0
5400418,messages,0
5400419,messages,0
5400420,messages,0
5400421,messages,0
5400422,messages,0
5400423,messages,0
5400424,messages,0
5400425,messages,0
5400426,messages,0
5400427,messages,0
5400428,messages,0
5400429,messages,0
5400430,messages,0
5400431,messages,0
5400432,messages,0
5400433,messages,0
5400434,messages,0
5400435,messages,0
5400436,messages,0
5400437,messages,0
5400438,messages,0
5400439,messages,0
5400440,messages,0
5400441,messages,0
5400442,messages,0
5400443,messages,0
5400444,messages,0
5400445,messages,0
5400446,messages,0
5400447,messages,0
5400448,messages,0
5400449,messages,0
5400450,messages,0
5400451,messages,0
5400452,messages,0
5400453,messages,0
5400454,messages,0
5400455,messages,0
5400456,messages,0
5400457,messages,0
5400458,messages,0
5400459,messages,0
5400460,messages,0
5400461,messages,0
5400462,messages,0
5400463,messages,0
5400464,messages,0
5400465,messages,0
5400466,messages,0
5400467,messages,0
5400468,messages,0
5400469,messages,0
5400470,messages,0
5400471,messages,0
5400472,messages,0
5400473,messages,0
5400474,messages,0
5400475,messages,0
5400476,messages,0
5400477,messages,0
5400478,messages,0
5400479,messages,0
5400480,messages,0
5400481,messages,0
5400482,messages,0
5400483,messages,0
5400484,messages,0
5400485,messages,0
5400486,messages,0
5400487,messages,0
5400488,messages,0
5400489,messages,0
5400490,messages,0
5400491,messages,0
5400492,messages,0
5400493,messages,0
5400494,messages,0
5400495,messages,0
5400496,messages,0
5400497,messages,0
5400498,messages,0
5400499,messages,0
5400500,messages,0
5400501,messages,0
5400502,messages,0
5400503,messages,0
5400504,messages,0
5400505,messages,0
5400506,messages,0
5400507,messages,0
5400508,messages,0
5400509,messages,0
5400510,messages,0
5400511,messages,0
5400512,messages,0
5400513,messages,0
5400514,messages,0
5400515,messages,0
5400516,messages,0
5400517,messages,0
5400518,messages,0
5400519,messages,0
5400520,messages,0
5400521,messages,0
5400522,messages,0
5400523,messages,0
5400524,messages,0
5400525,messages,0
5400526,messages,0
5400527,messages,0
5400528,messages,0
5400529,messages,0
5400530,messages,0
5400531,messages,0
5400532,messages,0
5400533,messages,0
5400534,messages,0
5400535,messages,0
5400536,messages,0
5400537,messages,0
5400538,messages,0
5400539,messages,0
5400540,messages,0
5400541,messages,0
5400542,messages,0
5400543,messages,0
5400544,messages,0
5400545,messages,0
5400546,messages,0
5400547,messages,0
5400548,messages,0
5400549,messages,0
5400550,messages,0
5400551,messages,0
5400552,messages,0
5400553,messages,0
5400554,messages,0
5400555,messages,0
5400556,messages,0
5400557,messages,0
5400558,messages,0
5400559,messages,0
5400560,messages,0
5400561,messages,0
5400562,messages,0
5400563,messages,0
5400564,messages,0
5400565,messages,0
5400566,messages,0
5400567,messages,0
5400568,messages,0
5400569,messages,0
5400570,messages,0
5400571,messages,0
5400572,messages,0
5400573,messages,0
5400574,messages,0
5400575,messages,0
5400576,messages,0
5400577,messages,0
5400578,messages,0
5400579,messages,0
5400580,messages,0
5400581,messages,0
5400582,messages,0
5400583,messages,0
5400584,messages,0
5400585,messages,0
5400586,messages,0
5400587,messages,0
5400588,messages,0
5400589,messages,0
5400590,messages,0
5400591,messages,0
5400592,messages,0
5400593,messages,0
5400594,messages,0
5400595,messages,0
5400596,messages,0
5400597,messages,0
5400598,messages,0
5400599,messages,0
5400600,messages,0
5400601,messages,0
5400602,messages,0
5400603,messages,0
5400604,messages,0
5400605,messages,0
5400606,messages,0
5400607,messages,0
5400608,messages,0
5400609,messages,0
5400610,messages,0
5400611,messages,0
5400612,messages,0
5400613,messages,0
5400614,messages,0
5400615,messages,0
5400616,messages,0
5400617,messages,0
5400618,messages,0
5400619,messages,0
5400620,messages,0
5400621,messages,0
5400622,messages,0
5400623,messages,0
5400624,messages,0
5400625,messages,0
5400626,messages,0
5400627,messages,0
5400628,messages,0
5400629,messages,0
5400630,messages,0
5400631,messages,0
5400632,messages,0
5400633,messages,0
5400634,messages,0
5400635,messages,0
5400636,messages,0
5400637,messages,0
5400638,messages,0
5400639,messages,0
5400640,messages,0
5400641,messages,0
5400642,messages,0
5400643,messages,0
5400644,messages,0
5400645,messages,0
5400646,messages,0
5400647,messages,0
5400648,messages,0
5400649,messages,0
5400650,messages,0
5400651,messages,0
5400652,messages,0
5400653,messages,0
5400654,messages,0
5400655,messages,0
5400656,messages,0
5400657,messages,0
5400658,messages,0
5400659,messages,0
5400660,messages,0
5400661,messages,0
5400662,messages,0
5400663,messages,0
5400664,messages,0
5400665,messages,0
5400666,messages,0
5400667,messages,0
5400668,messages,0
5400669,messages,0
5400670,messages,0
5400671,messages,0
5400672,messages,0
5400673,messages,0
5400674,messages,0
5400675,messages,0
5400676,messages,0
5400677,messages,0
5400678,messages,0
5400679,messages,0
5400680,messages,0
5400681,messages,0
5400682,messages,0
5400683,messages,0
5400684,messages,0
5400685,messages,0
5400686,messages,0
5400687,messages,0
5400688,messages,0
5400689,messages,0
5400690,messages,0
5400691,messages,0
5400692,messages,0
5400693,messages,0
5400694,messages,0
5400695,messages,0
5400696,messages,0
5400697,messages,0
5400698,messages,0
5400699,messages,0
5400700,messages,0
5400701,messages,0
5400702,messages,0
5400703,messages,0
5400704,messages,0
5400705,messages,0
5400706,messages,0
5400707,messages,0
5400708,messages,0
5400709,messages,0
5400710,messages,0
5400711,messages,0
5400712,messages,0
5400713,messages,0
5400714,messages,0
5400715,messages,0
5400716,messages,0
5400717,messages,0
5400718,messages,0
5400719,messages,0
5400720,messages,0
5400721,messages,0
5400722,messages,0
5400723,messages,0
5400724,messages,0
5400725,messages,0
5400726,messages,0
5400727,messages,0
5400728,messages,0
5400729,messages,0
5400730,messages,0
5400731,messages,0
5400732,messages,0
5400733,messages,0
5400734,messages,0
5400735,messages,0
5400736,messages,0
5400737,messages,0
5400738,messages,0
5400739,messages,0
5400740,messages,0
5400741,messages,0
5400742,messages,0
5400743,messages,0
5400744,messages,0
5400745,messages,0
5400746,messages,0
5400747,messages,0
5400748,messages,0
5400749,messages,0
5400750,messages,0
5400751,messages,0
5400752,messages,0
5400753,messages,0
5400754,messages,0
5400755,messages,0
5400756,messages,0
5400757,messages,0
5400758,messages,0
5400759,messages,0
5400760,messages,0
5400761,messages,0
5400762,messages,0
5400763,messages,0
5400764,messages,0
5400765,messages,0
5400766,messages,0
5400767,messages,0
5401055,messages,0
5400768,messages,0
5400769,messages,0
5400770,messages,0
5400771,messages,0
5400772,messages,0
5400773,messages,0
5400774,messages,0
5400775,messages,0
5400776,messages,0
5400777,messages,0
5400778,messages,0
5400779,messages,0
5400780,messages,0
5400781,messages,0
5400782,messages,0
5400783,messages,0
5400784,messages,0
5400785,messages,0
5400786,messages,0
5400787,messages,0
5400788,messages,0
5400789,messages,0
5400790,messages,0
5400791,messages,0
5400792,messages,0
5400793,messages,0
5400794,messages,0
5400795,messages,0
5400796,messages,0
5400797,messages,0
5400798,messages,0
5400799,messages,0
5400800,messages,0
5400801,messages,0
5400802,messages,0
5400803,messages,0
5400804,messages,0
5400805,messages,0
5400806,messages,0
5400807,messages,0
5400808,messages,0
5400809,messages,0
5400810,messages,0
5400811,messages,0
5400812,messages,0
5400813,messages,0
5400814,messages,0
5400815,messages,0
5400816,messages,0
5400817,messages,0
5400818,messages,0
5400819,messages,0
5400820,messages,0
5400821,messages,0
5400822,messages,0
5400823,messages,0
5400824,messages,0
5400825,messages,0
5400826,messages,0
5400827,messages,0
5400828,messages,0
5400829,messages,0
5400830,messages,0
5400831,messages,0
5400832,messages,0
5400833,messages,0
5400834,messages,0
5400835,messages,0
5400836,messages,0
5400837,messages,0
5400838,messages,0
5400839,messages,0
5400840,messages,0
5400841,messages,0
5400842,messages,0
5400843,messages,0
5400844,messages,0
5400845,messages,0
5400846,messages,0
5400847,messages,0
5400848,messages,0
5400849,messages,0
5400850,messages,0
5400851,messages,0
5400852,messages,0
5400853,messages,0
5400854,messages,0
5400855,messages,0
5400856,messages,0
5400857,messages,0
5400858,messages,0
5400859,messages,0
5400860,messages,0
5400861,messages,0
5400862,messages,0
5400863,messages,0
5400864,messages,0
5400865,messages,0
5400866,messages,0
5400867,messages,0
5400868,messages,0
5400869,messages,0
5400870,messages,0
5400871,messages,0
5400872,messages,0
5400873,messages,0
5400874,messages,0
5400875,messages,0
5400876,messages,0
5400877,messages,0
5400878,messages,0
5400879,messages,0
5400880,messages,0
5400881,messages,0
5400882,messages,0
5400883,messages,0
5400884,messages,0
5400885,messages,0
5400886,messages,0
5400887,messages,0
5400888,messages,0
5400889,messages,0
5400890,messages,0
5400891,messages,0
5400892,messages,0
5400893,messages,0
5400894,messages,0
5400895,messages,0
5400896,messages,0
5400897,messages,0
5400898,messages,0
5400899,messages,0
5400900,messages,0
5400901,messages,0
5400902,messages,0
5400903,messages,0
5400904,messages,0
5400905,messages,0
5400906,messages,0
5400907,messages,0
5400908,messages,0
5400909,messages,0
5400910,messages,0
5400911,messages,0
5400912,messages,0
5400913,messages,0
5400914,messages,0
5400915,messages,0
5400916,messages,0
5400917,messages,0
5400918,messages,0
5400919,messages,0
5400920,messages,0
5400921,messages,0
5400922,messages,0
5400923,messages,0
5400924,messages,0
5400925,messages,0
5400926,messages,0
5400927,messages,0
5400928,messages,0
5400929,messages,0
5400930,messages,0
5400931,messages,0
5400932,messages,0
5400933,messages,0
5400934,messages,0
5400935,messages,0
5400936,messages,0
5400937,messages,0
5400938,messages,0
5400939,messages,0
5400940,messages,0
5400941,messages,0
5400942,messages,0
5400943,messages,0
5400944,messages,0
5400945,messages,0
5400946,messages,0
5400947,messages,0
5400948,messages,0
5400949,messages,0
5400950,messages,0
5400951,messages,0
5400952,messages,0
5400953,messages,0
5400954,messages,0
5400955,messages,0
5400956,messages,0
5400957,messages,0
5400958,messages,0
5400959,messages,0
5400960,messages,0
5400961,messages,0
5400962,messages,0
5400963,messages,0
5400964,messages,0
5400965,messages,0
5400966,messages,0
5400967,messages,0
5400968,messages,0
5400969,messages,0
5400970,messages,0
5400971,messages,0
5400972,messages,0
5400973,messages,0
5400974,messages,0
5400975,messages,0
5400976,messages,0
5400977,messages,0
5400978,messages,0
5400979,messages,0
5400980,messages,0
5400981,messages,0
5400982,messages,0
5400983,messages,0
5400984,messages,0
5400985,messages,0
5400986,messages,0
5400987,messages,0
5400988,messages,0
5400989,messages,0
5400990,messages,0
5400991,messages,0
5400992,messages,0
5400993,messages,0
5400994,messages,0
5400995,messages,0
5400996,messages,0
5400997,messages,0
5400998,messages,0
5400999,messages,0
5401000,messages,0
5401001,messages,0
5401002,messages,0
5401003,messages,0
5401004,messages,0
5401005,messages,0
5401006,messages,0
5401007,messages,0
5401008,messages,0
5401009,messages,0
5401010,messages,0
5401011,messages,0
5401012,messages,0
5401013,messages,0
5401014,messages,0
5401015,messages,0
5401016,messages,0
5401017,messages,0
5401018,messages,0
5401019,messages,0
5401020,messages,0
5401021,messages,0
5401022,messages,0
5401023,messages,0
5401024,messages,0
5401025,messages,0
5401026,messages,0
5401027,messages,0
5401028,messages,0
5401029,messages,0
5401030,messages,0
5401031,messages,0
5401032,messages,0
5401033,messages,0
5401034,messages,0
5401035,messages,0
5401036,messages,0
5401037,messages,0
5401038,messages,0
5401039,messages,0
5401040,messages,0
5401041,messages,0
5401042,messages,0
5401043,messages,0
5401044,messages,0
5401045,messages,0
5401046,messages,0
5401047,messages,0
5401048,messages,0
5401049,messages,0
5401050,messages,0
5401051,messages,0
5401052,messages,0
5401053,messages,0
5401054,messages,0
5401056,messages,0
5401057,messages,0
5401058,messages,0
5401059,messages,0
5401060,messages,0
5401061,messages,0
5401062,messages,0
5401063,messages,0
5401064,messages,0
5401065,messages,0
5401066,messages,0
5401067,messages,0
5401068,messages,0
5401069,messages,0
5401070,messages,0
5401071,messages,0
5401072,messages,0
5401073,messages,0
5401074,messages,0
5401075,messages,0
5401076,messages,0
5401077,messages,0
5401078,messages,0
5401079,messages,0
5401080,messages,0
5401081,messages,0
5401082,messages,0
5401083,messages,0
5401084,messages,0
5401085,messages,0
5401086,messages,0
5401087,messages,0
5401088,messages,0
5401089,messages,0
5401090,messages,0
5401091,messages,0
5401092,messages,0
5401093,messages,0
5401094,messages,0
5401095,messages,0
5401096,messages,0
5401097,messages,0
5401098,messages,0
5401099,messages,0
5401100,messages,0
5401101,messages,0
5401102,messages,0
5401103,messages,0
5401104,messages,0
5401105,messages,0
5401106,messages,0
5401107,messages,0
5401108,messages,0
5401109,messages,0
5401110,messages,0
5401111,messages,0
5401112,messages,0
5401113,messages,0
5401114,messages,0
5401115,messages,0
5401116,messages,0
5401117,messages,0
5401118,messages,0
5401119,messages,0
5401120,messages,0
5401121,messages,0
5401122,messages,0
5401123,messages,0
5401124,messages,0
5401125,messages,0
5401126,messages,0
5401127,messages,0
5401128,messages,0
5401129,messages,0
5401130,messages,0
5401131,messages,0
5401132,messages,0
5401133,messages,0
5401134,messages,0
5401135,messages,0
5401136,messages,0
5401137,messages,0
5401138,messages,0
5401139,messages,0
5401140,messages,0
5401141,messages,0
5401142,messages,0
5401143,messages,0
5401144,messages,0
5401145,messages,0
5401146,messages,0
5401147,messages,0
5401148,messages,0
5401149,messages,0
5401150,messages,0
5401151,messages,0
5401152,messages,0
5401153,messages,0
5401154,messages,0
5401155,messages,0
5401156,messages,0
5401157,messages,0
5401158,messages,0
5401159,messages,0
5401160,messages,0
5401161,messages,0
5401162,messages,0
5401163,messages,0
5401164,messages,0
5401165,messages,0
5401166,messages,0
5401167,messages,0
5401168,messages,0
5401169,messages,0
5401170,messages,0
5401171,messages,0
5401172,messages,0
5401173,messages,0
5401174,messages,0
5401175,messages,0
5401176,messages,0
5401177,messages,0
5401178,messages,0
5401179,messages,0
5401180,messages,0
5401181,messages,0
5401182,messages,0
5401183,messages,0
5401184,messages,0
5401185,messages,0
5401186,messages,0
5401187,messages,0
5401188,messages,0
5401189,messages,0
5401190,messages,0
5401191,messages,0
5401192,messages,0
5401193,messages,0
5401194,messages,0
5401195,messages,0
5401196,messages,0
5401197,messages,0
5401198,messages,0
5401199,messages,0
5401200,messages,0
5401201,messages,0
5401202,messages,0
5401203,messages,0
5401204,messages,0
5401205,messages,0
5401206,messages,0
5401207,messages,0
5401208,messages,0
5401209,messages,0
5401210,messages,0
5401211,messages,0
5401212,messages,0
5401213,messages,0
5401214,messages,0
5401215,messages,0
5401216,messages,0
5401217,messages,0
5401218,messages,0
5401219,messages,0
5401220,messages,0
5401221,messages,0
5401222,messages,0
5401223,messages,0
5401224,messages,0
5401225,messages,0
5401226,messages,0
5401227,messages,0
5401228,messages,0
5401229,messages,0
5401230,messages,0
5401231,messages,0
5401232,messages,0
5401233,messages,0
5401234,messages,0
5401235,messages,0
5401236,messages,0
5401237,messages,0
5401238,messages,0
5401239,messages,0
5401240,messages,0
5401241,messages,0
5401242,messages,0
5401243,messages,0
5401244,messages,0
5401245,messages,0
5401246,messages,0
5401247,messages,0
5401248,messages,0
5401249,messages,0
5401250,messages,0
5401251,messages,0
5401252,messages,0
5401253,messages,0
5401254,messages,0
5401255,messages,0
5401256,messages,0
5401257,messages,0
5401258,messages,0
5401259,messages,0
5401260,messages,0
5401261,messages,0
5401262,messages,0
5401263,messages,0
5401264,messages,0
5401265,messages,0
5401266,messages,0
5401267,messages,0
5401268,messages,0
5401269,messages,0
5401270,messages,0
5401271,messages,0
5401272,messages,0
5401273,messages,0
5401274,messages,0
5401275,messages,0
5401276,messages,0
5401277,messages,0
5401278,messages,0
5401279,messages,0
5401280,messages,0
5401281,messages,0
5401282,messages,0
5401283,messages,0
5401284,messages,0
5401285,messages,0
5401286,messages,0
5401287,messages,0
5401288,messages,0
5401289,messages,0
5401290,messages,0
5401291,messages,0
5401292,messages,0
5401293,messages,0
5401294,messages,0
5401295,messages,0
5401296,messages,0
5401297,messages,0
5401298,messages,0
5401299,messages,0
5401300,messages,0
5401301,messages,0
5401302,messages,0
5401303,messages,0
5401304,messages,0
5401305,messages,0
5401306,messages,0
5401307,messages,0
5401308,messages,0
5401309,messages,0
5401310,messages,0
5401311,messages,0
5401312,messages,0
5401313,messages,0
5401314,messages,0
5401315,messages,0
5401316,messages,0
5401317,messages,0
5401318,messages,0
5401319,messages,0
5401320,messages,0
5401321,messages,0
5401322,messages,0
5401323,messages,0
5401324,messages,0
5401325,messages,0
5401326,messages,0
5401327,messages,0
5401328,messages,0
5401329,messages,0
5401330,messages,0
5401331,messages,0
5401332,messages,0
5401333,messages,0
5401334,messages,0
5401335,messages,0
5401336,messages,0
5401337,messages,0
5401338,messages,0
5401339,messages,0
5401340,messages,0
5401341,messages,0
5401342,messages,0
5401343,messages,0
5401344,messages,0
5401345,messages,0
5401346,messages,0
5401347,messages,0
5401348,messages,0
5401349,messages,0
5401350,messages,0
5401351,messages,0
5401352,messages,0
5401353,messages,0
5401354,messages,0
5401355,messages,0
5401356,messages,0
5401357,messages,0
5401358,messages,0
5401359,messages,0
5401360,messages,0
5401361,messages,0
5401362,messages,0
5401363,messages,0
5401364,messages,0
5401365,messages,0
5401366,messages,0
5401367,messages,0
5401368,messages,0
5401369,messages,0
5401370,messages,0
5401371,messages,0
5401372,messages,0
5401373,messages,0
5401374,messages,0
5401375,messages,0
5401376,messages,0
5401377,messages,0
5401378,messages,0
5401379,messages,0
5401380,messages,0
5401381,messages,0
5401382,messages,0
5401383,messages,0
5401384,messages,0
5401385,messages,0
5401386,messages,0
5401387,messages,0
5401388,messages,0
5401389,messages,0
5401390,messages,0
5401391,messages,0
5401392,messages,0
5401393,messages,0
5401394,messages,0
5401395,messages,0
5401396,messages,0
5401397,messages,0
5401398,messages,0
5401399,messages,0
5401400,messages,0
5401401,messages,0
5401402,messages,0
5401403,messages,0
5401404,messages,0
5401405,messages,0
5401406,messages,0
5401407,messages,0
5401408,messages,0
5401409,messages,0
5401410,messages,0
5401411,messages,0
5401412,messages,0
5401413,messages,0
5401414,messages,0
5401415,messages,0
5401416,messages,0
5401417,messages,0
5401418,messages,0
5401419,messages,0
5401420,messages,0
5401421,messages,0
5401422,messages,0
5401423,messages,0
5401424,messages,0
5401425,messages,0
5401426,messages,0
5401427,messages,0
5401428,messages,0
5401429,messages,0
5401430,messages,0
5401431,messages,0
5401432,messages,0
5401433,messages,0
5401434,messages,0
5401435,messages,0
5401436,messages,0
5401437,messages,0
5401438,messages,0
5401439,messages,0
5401440,messages,0
5401441,messages,0
5401442,messages,0
5401443,messages,0
5401444,messages,0
5401445,messages,0
5401446,messages,0
5401447,messages,0
5401448,messages,0
5401449,messages,0
5401450,messages,0
5401451,messages,0
5401452,messages,0
5401453,messages,0
5401454,messages,0
5401455,messages,0
5401456,messages,0
5401457,messages,0
5401458,messages,0
5401459,messages,0
5401460,messages,0
5401461,messages,0
5401462,messages,0
5401463,messages,0
5401464,messages,0
5401465,messages,0
5401466,messages,0
5401467,messages,0
5401468,messages,0
5401469,messages,0
5401470,messages,0
5401471,messages,0
5401472,messages,0
5401473,messages,0
5401474,messages,0
5401475,messages,0
5401476,messages,0
5401477,messages,0
5401478,messages,0
5401479,messages,0
5401480,messages,0
5401481,messages,0
5401482,messages,0
5401483,messages,0
5401484,messages,0
5401485,messages,0
5401486,messages,0
5401487,messages,0
5401488,messages,0
5401489,messages,0
5401490,messages,0
5401491,messages,0
5401492,messages,0
5401493,messages,0
5401494,messages,0
5401495,messages,0
5401496,messages,0
5401497,messages,0
5401498,messages,0
5401499,messages,0
5401500,messages,0
5401501,messages,0
5401502,messages,0
5401503,messages,0
5401504,messages,0
5401505,messages,0
5401506,messages,0
5401507,messages,0
5401508,messages,0
5401509,messages,0
5401510,messages,0
5401511,messages,0
5401512,messages,0
5401513,messages,0
5401514,messages,0
5401515,messages,0
5401516,messages,0
5401517,messages,0
5401518,messages,0
5401519,messages,0
5401520,messages,0
5401521,messages,0
5401522,messages,0
5401523,messages,0
5401524,messages,0
5401525,messages,0
5401526,messages,0
5401527,messages,0
5401528,messages,0
5401529,messages,0
5401530,messages,0
5401531,messages,0
5401532,messages,0
5401533,messages,0
5401534,messages,0
5401535,messages,0
5401536,messages,0
5401537,messages,0
5401538,messages,0
5401539,messages,0
5401540,messages,0
5401541,messages,0
5401542,messages,0
5401543,messages,0
5401544,messages,0
5401545,messages,0
5401546,messages,0
5401547,messages,0
5401548,messages,0
5401549,messages,0
5401550,messages,0
5401551,messages,0
5401552,messages,0
5401553,messages,0
5401554,messages,0
5401555,messages,0
5401556,messages,0
5401557,messages,0
5401558,messages,0
5401559,messages,0
5401560,messages,0
5401561,messages,0
5401562,messages,0
5401563,messages,0
5401564,messages,0
5401565,messages,0
5401566,messages,0
5401567,messages,0
5401568,messages,0
5401569,messages,0
5401570,messages,0
5401571,messages,0
5401572,messages,0
5401573,messages,0
5401574,messages,0
5401575,messages,0
5401576,messages,0
5401577,messages,0
5401578,messages,0
5401579,messages,0
5401580,messages,0
5401581,messages,0
5401582,messages,0
5401583,messages,0
5401584,messages,0
5401585,messages,0
5401586,messages,0
5401587,messages,0
5401588,messages,0
5401589,messages,0
5401590,messages,0
5401591,messages,0
5401592,messages,0
5401593,messages,0
5401594,messages,0
5401595,messages,0
5401596,messages,0
5401597,messages,0
5401598,messages,0
5401599,messages,0
5401600,messages,0
5401601,messages,0
5401602,messages,0
5401603,messages,0
5401604,messages,0
5401605,messages,0
5401606,messages,0
5401607,messages,0
5401608,messages,0
5401609,messages,0
5401610,messages,0
5401611,messages,0
5401612,messages,0
5401613,messages,0
5401614,messages,0
5401615,messages,0
5401616,messages,0
5401617,messages,0
5401618,messages,0
5401619,messages,0
5401620,messages,0
5401621,messages,0
5401622,messages,0
5401623,messages,0
5401624,messages,0
5401625,messages,0
5401626,messages,0
5401627,messages,0
5401628,messages,0
5401629,messages,0
5401630,messages,0
5401631,messages,0
5401632,messages,0
5401633,messages,0
5401634,messages,0
5401635,messages,0
5401636,messages,0
5401637,messages,0
5401638,messages,0
5401639,messages,0
5401640,messages,0
5401641,messages,0
5401642,messages,0
5401643,messages,0
5401644,messages,0
5401645,messages,0
5401646,messages,0
5401647,messages,0
5401648,messages,0
5401649,messages,0
5401650,messages,0
5401651,messages,0
5401652,messages,0
5401653,messages,0
5401654,messages,0
5401655,messages,0
5401656,messages,0
5401657,messages,0
5401658,messages,0
5401659,messages,0
5401660,messages,0
5401661,messages,0
5401662,messages,0
5401663,messages,0
5401664,messages,0
5401665,messages,0
5401666,messages,0
5401667,messages,0
5401668,messages,0
5401669,messages,0
5401670,messages,0
5401671,messages,0
5401672,messages,0
5401673,messages,0
5401674,messages,0
5401675,messages,0
5401676,messages,0
5401677,messages,0
5401678,messages,0
5401679,messages,0
5401680,messages,0
5401681,messages,0
5401682,messages,0
5401683,messages,0
5401684,messages,0
5401685,messages,0
5401686,messages,0
5401687,messages,0
5401688,messages,0
5401689,messages,0
5401690,messages,0
5401691,messages,0
5401692,messages,0
5401693,messages,0
5401694,messages,0
5401695,messages,0
5401696,messages,0
5401697,messages,0
5401698,messages,0
5401699,messages,0
5401700,messages,0
5401701,messages,0
5401702,messages,0
5401703,messages,0
5401704,messages,0
5401705,messages,0
5401706,messages,0
5401707,messages,0
5401708,messages,0
5401709,messages,0
5401710,messages,0
5401711,messages,0
5401712,messages,0
5401713,messages,0
5401714,messages,0
5401715,messages,0
5401716,messages,0
5401717,messages,0
5401718,messages,0
5401719,messages,0
5401720,messages,0
5401721,messages,0
5401722,messages,0
5401723,messages,0
5401724,messages,0
5401725,messages,0
5401726,messages,0
5401727,messages,0
5401728,messages,0
5401729,messages,0
5401730,messages,0
5401731,messages,0
5401732,messages,0
5401733,messages,0
5401734,messages,0
5401735,messages,0
5401736,messages,0
5401737,messages,0
5401738,messages,0
5401739,messages,0
5401740,messages,0
5401741,messages,0
5401742,messages,0
5401743,messages,0
5401744,messages,0
5401745,messages,0
5401746,messages,0
5401747,messages,0
5401748,messages,0
5401749,messages,0
5401750,messages,0
5401751,messages,0
5401752,messages,0
5401753,messages,0
5401754,messages,0
5401755,messages,0
5401756,messages,0
5401757,messages,0
5401758,messages,0
5401759,messages,0
5401760,messages,0
5401761,messages,0
5401762,messages,0
5401763,messages,0
5401764,messages,0
5401765,messages,0
5401766,messages,0
5401767,messages,0
5401768,messages,0
5401769,messages,0
5401770,messages,0
5401771,messages,0
5401772,messages,0
5401773,messages,0
5401774,messages,0
5401775,messages,0
5401776,messages,0
5401777,messages,0
5401778,messages,0
5401779,messages,0
5401780,messages,0
5401781,messages,0
5401782,messages,0
5401783,messages,0
5401784,messages,0
5401785,messages,0
5401786,messages,0
5401787,messages,0
5401788,messages,0
5401789,messages,0
5401790,messages,0
5401791,messages,0
5401792,messages,0
5401793,messages,0
5401794,messages,0
5401795,messages,0
5401796,messages,0
5401797,messages,0
5401798,messages,0
5401799,messages,0
5401800,messages,0
5401801,messages,0
5401802,messages,0
5401803,messages,0
5401804,messages,0
5401805,messages,0
5401806,messages,0
5401807,messages,0
5401808,messages,0
5401809,messages,0
5401810,messages,0
5401811,messages,0
5401812,messages,0
5401813,messages,0
5401814,messages,0
5401815,messages,0
5401816,messages,0
5401817,messages,0
5401818,messages,0
5401819,messages,0
5401820,messages,0
5401821,messages,0
5401822,messages,0
5401823,messages,0
5401824,messages,0
5401825,messages,0
5401826,messages,0
5401827,messages,0
5401828,messages,0
5401829,messages,0
5401830,messages,0
5401831,messages,0
5401832,messages,0
5401833,messages,0
5401834,messages,0
5401835,messages,0
5401836,messages,0
5401837,messages,0
5401838,messages,0
5401839,messages,0
5401840,messages,0
5401841,messages,0
5401842,messages,0
5401843,messages,0
5401844,messages,0
5401845,messages,0
5401846,messages,0
5401847,messages,0
5401848,messages,0
5401849,messages,0
5401850,messages,0
5401851,messages,0
5401852,messages,0
5401853,messages,0
5401854,messages,0
5401855,messages,0
5401856,messages,0
5401857,messages,0
5401858,messages,0
5401859,messages,0
5401860,messages,0
5401861,messages,0
5401862,messages,0
5401863,messages,0
5401864,messages,0
5401865,messages,0
5401866,messages,0
5401867,messages,0
5401868,messages,0
5401869,messages,0
5401870,messages,0
5401871,messages,1
5401872,messages,1
5401873,messages,0
5401874,messages,0
5401875,messages,0
5401876,messages,0
5401877,messages,0
5401878,messages,0
5401879,messages,0
5401880,messages,0
5401881,messages,0
5401882,messages,0
5401883,messages,0
5401884,messages,0
5401885,messages,0
5401886,messages,0
5401887,messages,0
5401888,messages,0
5401889,messages,0
5401890,messages,0
5401891,messages,0
5401892,messages,0
5401893,messages,0
5401894,messages,0
5401895,messages,0
5401896,messages,0
5401897,messages,0
5401898,messages,0
5401899,messages,0
5401900,messages,0
5401901,messages,0
5401902,messages,0
5401903,messages,0
5401904,messages,0
5401905,messages,0
5401906,messages,0
5401907,messages,0
5401908,messages,0
5401909,messages,0
5401910,messages,0
5401911,messages,0
5401912,messages,0
5401913,messages,0
5401914,messages,0
5401915,messages,0
5401916,messages,0
5401917,messages,0
5401918,messages,0
5401919,messages,0
5401920,messages,0
5401921,messages,0
5401922,messages,0
5401923,messages,0
5401924,messages,0
5401925,messages,0
5401926,messages,0
5401927,messages,0
5401928,messages,0
5401929,messages,0
5401930,messages,0
5401931,messages,0
5401932,messages,0
5401933,messages,0
5401934,messages,0
5401935,messages,0
5401936,messages,0
5401937,messages,0
5401938,messages,0
5401939,messages,0
5401940,messages,0
5401941,messages,0
5401942,messages,0
5401943,messages,0
5401944,messages,0
5401945,messages,0
5401946,messages,0
5401947,messages,0
5401948,messages,0
5401949,messages,0
5401950,messages,0
5401951,messages,0
5401952,messages,0
5401953,messages,0
5401954,messages,0
5401955,messages,0
5401956,messages,0
5401957,messages,0
5401958,messages,0
5401959,messages,0
5401960,messages,0
5401961,messages,0
5401962,messages,0
5401963,messages,0
5401964,messages,0
5401965,messages,0
5401966,messages,0
5401967,messages,0
5401968,messages,0
5401969,messages,0
5401970,messages,0
5401971,messages,0
5401972,messages,0
5401973,messages,0
5401974,messages,0
5401975,messages,0
5401976,messages,0
5401977,messages,0
5401978,messages,0
5401979,messages,0
5401980,messages,0
5401981,messages,0
5401982,messages,0
5401983,messages,0
5401984,messages,0
5401985,messages,0
5401986,messages,0
5401987,messages,0
5401988,messages,0
5401989,messages,0
5401990,messages,0
5401991,messages,0
5401992,messages,0
5401993,messages,0
5401994,messages,0
5401995,messages,0
5401996,messages,0
5401997,messages,0
5401998,messages,0
5401999,messages,0
5402000,messages,0
5402001,messages,0
5402002,messages,0
5402003,messages,0
5402004,messages,0
5402005,messages,0
5402006,messages,0
5402007,messages,0
5402008,messages,0
5402009,messages,0
5402010,messages,0
5402011,messages,0
5402012,messages,0
5402013,messages,0
5402014,messages,0
5402015,messages,0
5402016,messages,0
5402017,messages,0
5402018,messages,0
5402019,messages,0
5402020,messages,0
5402021,messages,0
5402022,messages,0
5402023,messages,0
5402024,messages,0
5402025,messages,0
5402026,messages,0
5402027,messages,0
5402028,messages,0
5402029,messages,0
5402030,messages,0
5402031,messages,0
5402032,messages,0
5402033,messages,0
5402034,messages,0
5402035,messages,0
5402036,messages,0
5402037,messages,0
5402038,messages,0
5402039,messages,0
5402040,messages,0
5402041,messages,0
5402042,messages,0
5402043,messages,0
5402044,messages,0
5402045,messages,0
5402046,messages,0
5402047,messages,0
5402048,messages,0
5402049,messages,0
5402050,messages,0
5402051,messages,0
5402052,messages,0
5402053,messages,0
5402054,messages,0
5402055,messages,0
5402056,messages,1
5402057,messages,1
5402058,messages,1
5402059,messages,0
5402060,messages,0
5402061,messages,0
5402062,messages,0
5402063,messages,0
5402064,messages,0
5402065,messages,0
5402066,messages,0
5402067,messages,0
5402068,messages,0
5402069,messages,0
5402070,messages,0
5402071,messages,0
5402072,messages,0
5402073,messages,0
5402074,messages,0
5402075,messages,0
5402076,messages,0
5402077,messages,0
5402078,messages,0
5402079,messages,0
5402080,messages,0
5402081,messages,0
5402082,messages,0
5402083,messages,0
5402084,messages,0
5402085,messages,0
5402086,messages,0
5402087,messages,0
5402088,messages,0
5402089,messages,0
5402090,messages,0
5402091,messages,0
5402092,messages,0
5402093,messages,0
5402094,messages,0
5402095,messages,0
5402096,messages,0
5402097,messages,0
5402098,messages,0
5402099,messages,0
5402100,messages,0
5402101,messages,0
5402102,messages,0
5402103,messages,0
5402104,messages,0
5402105,messages,0
5402106,messages,0
5402107,messages,0
5402108,messages,0
5402109,messages,0
5402110,messages,0
5402111,messages,0
5402112,messages,0
5402113,messages,0
5402114,messages,0
5402115,messages,0
5402116,messages,0
5402117,messages,0
5402118,messages,0
5402119,messages,0
5402120,messages,0
5402121,messages,0
5402122,messages,0
5402123,messages,0
5402124,messages,0
5402125,messages,0
5402126,messages,0
5402127,messages,0
5402128,messages,0
5402129,messages,0
5402130,messages,0
5402131,messages,0
5402132,messages,0
5402133,messages,0
5402134,messages,0
5402135,messages,0
5402136,messages,0
5402137,messages,0
5402138,messages,0
5402139,messages,0
5402140,messages,0
5402141,messages,0
5402142,messages,0
5402143,messages,0
5402144,messages,0
5402145,messages,0
5402146,messages,0
5402147,messages,0
5402148,messages,0
5402149,messages,0
5402150,messages,0
5402151,messages,0
5402152,messages,0
5402153,messages,0
5402154,messages,0
5402155,messages,0
5402156,messages,0
5402157,messages,0
5402158,messages,0
5402159,messages,0
5402160,messages,0
5402161,messages,0
5402162,messages,0
5402163,messages,0
5402164,messages,0
5402165,messages,0
5402166,messages,0
5402167,messages,0
5402168,messages,0
5402169,messages,0
5402170,messages,0
5402171,messages,0
5402172,messages,0
5402173,messages,0
5402174,messages,0
5402175,messages,0
5402176,messages,0
5402177,messages,0
5402178,messages,0
5402179,messages,0
5402180,messages,0
5402181,messages,0
5402182,messages,0
5402183,messages,0
5402184,messages,0
5402185,messages,0
5402186,messages,0
5402187,messages,0
5402188,messages,0
5402189,messages,0
5402190,messages,0
5402191,messages,0
5402192,messages,0
5402193,messages,0
5402194,messages,0
5402195,messages,0
5402196,messages,0
5402197,messages,0
5402198,messages,0
5402199,messages,0
5402200,messages,0
5402201,messages,0
5402202,messages,0
5402203,messages,0
5402204,messages,0
5402205,messages,0
5402206,messages,0
5402207,messages,0
5402208,messages,0
5402209,messages,0
5402210,messages,0
5402211,messages,0
5402212,messages,0
5402213,messages,0
5402214,messages,0
5402215,messages,0
5402216,messages,0
5402217,messages,0
5402218,messages,0
5402219,messages,0
5402220,messages,0
5402221,messages,0
5402222,messages,0
5402223,messages,0
5402224,messages,0
5402225,messages,0
5402226,messages,0
5402227,messages,0
5402228,messages,0
5402229,messages,0
5402230,messages,0
5402231,messages,0
5402232,messages,0
5402233,messages,0
5402234,messages,0
5402235,messages,0
5402236,messages,0
5402237,messages,0
5402238,messages,0
5402239,messages,0
5402240,messages,0
5402241,messages,0
5402242,messages,0
5402243,messages,0
5402244,messages,0
5402245,messages,0
5402246,messages,0
5402247,messages,0
5402248,messages,0
5402249,messages,0
5402250,messages,0
5402251,messages,0
5402252,messages,0
5402253,messages,0
5402254,messages,0
5402255,messages,0
5402256,messages,0
5402257,messages,0
5402258,messages,0
5402259,messages,0
5402260,messages,0
5402261,messages,0
5402262,messages,0
5402263,messages,0
5402264,messages,0
5402265,messages,0
5402266,messages,0
5402267,messages,0
5402268,messages,0
5402269,messages,0
5402270,messages,0
5402271,messages,0
5402272,messages,0
5402273,messages,0
5402274,messages,0
5402275,messages,0
5402276,messages,0
5402277,messages,0
5402278,messages,0
5402279,messages,0
5402280,messages,0
5402281,messages,0
5402282,messages,0
5402283,messages,0
5402284,messages,0
5402285,messages,0
5402286,messages,0
5402287,messages,0
5402288,messages,0
5402289,messages,0
5402290,messages,0
5402291,messages,0
5402292,messages,0
5402293,messages,0
5402294,messages,0
5402295,messages,0
5402296,messages,0
5402297,messages,0
5402298,messages,0
5402299,messages,0
5402300,messages,0
5402301,messages,0
5402302,messages,0
5402303,messages,0
5402304,messages,0
5402305,messages,0
5402306,messages,0
5402307,messages,0
5402308,messages,0
5402309,messages,0
5402310,messages,0
5402311,messages,0
5402312,messages,0
5402313,messages,0
5402314,messages,0
5402315,messages,0
5402316,messages,0
5402317,messages,0
5402318,messages,0
5402319,messages,0
5402320,messages,0
5402321,messages,0
5402322,messages,0
5402323,messages,0
5402324,messages,0
5402325,messages,0
5402326,messages,0
5402327,messages,0
5402328,messages,0
5402329,messages,0
5402330,messages,0
5402331,messages,0
5402332,messages,0
5402333,messages,0
5402334,messages,0
5402335,messages,0
5402336,messages,0
5402337,messages,0
5402338,messages,0
5402339,messages,0
5402340,messages,0
5402341,messages,0
5402342,messages,0
5402343,messages,0
5402344,messages,0
5402345,messages,0
5402346,messages,0
5402347,messages,0
5402348,messages,0
5402349,messages,0
5402350,messages,0
5402351,messages,0
5402352,messages,0
5402353,messages,0
5402354,messages,0
5402355,messages,0
5402356,messages,0
5402357,messages,0
5402358,messages,0
5402359,messages,0
5402360,messages,0
5402361,messages,0
5402362,messages,0
5402363,messages,0
5402364,messages,0
5402365,messages,0
5402366,messages,0
5402367,messages,0
5402368,messages,0
5402369,messages,0
5402370,messages,0
5402371,messages,0
5402372,messages,0
5402373,messages,0
5402374,messages,0
5402375,messages,0
5402376,messages,0
5402377,messages,0
5402378,messages,0
5402379,messages,0
5402380,messages,0
5402381,messages,0
5402382,messages,0
5402383,messages,1
5402388,messages,1
5402390,messages,1
5402391,messages,1
5402398,messages,1
5402399,messages,1
5402400,messages,0
5402402,messages,1
5402403,messages,1
5402408,messages,1
5402411,messages,1
5402412,messages,1
5402413,messages,0
5402414,messages,0
5402415,messages,0
5402416,messages,0
5402417,messages,0
5402418,messages,0
5402419,messages,0
5402420,messages,0
5402421,messages,0
5402422,messages,0
5402423,messages,0
5402424,messages,0
5402425,messages,0
5402426,messages,0
5402427,messages,0
5402428,messages,0
5402429,messages,0
5402430,messages,0
5402431,messages,0
5402432,messages,0
5402433,messages,0
5402434,messages,0
5402435,messages,0
5402436,messages,0
5402437,messages,0
5402438,messages,0
5402439,messages,0
5402440,messages,0
5402441,messages,0
5402442,messages,0
5402443,messages,0
5402444,messages,0
5402445,messages,0
5402446,messages,0
5402447,messages,0
5402448,messages,0
5402449,messages,0
5402450,messages,0
5402451,messages,0
5402452,messages,0
5402453,messages,0
5402454,messages,0
5402455,messages,0
5402456,messages,0
5402457,messages,0
5402458,messages,0
5402459,messages,0
5402460,messages,0
5402461,messages,0
5402462,messages,0
5402463,messages,0
5402464,messages,0
5402465,messages,0
5402466,messages,0
5402467,messages,0
5402468,messages,0
5402469,messages,0
5402470,messages,0
5402471,messages,0
5402472,messages,0
5402473,messages,0
5402474,messages,0
5402475,messages,0
5402476,messages,0
5402477,messages,0
5402478,messages,0
5402479,messages,0
5402480,messages,0
5402481,messages,0
5402482,messages,0
5402483,messages,0
5402484,messages,0
5402485,messages,0
5402486,messages,0
5402487,messages,0
5402488,messages,0
5402489,messages,0
5402490,messages,0
5402491,messages,0
5402492,messages,0
5402493,messages,0
5402494,messages,0
5402495,messages,0
5396449,sysmonitor,0
5396450,sysmonitor,0
5396453,sysmonitor,0
5396454,sysmonitor,0
5396457,sysmonitor,0
5396461,sysmonitor,0
5396462,sysmonitor,0
5396464,sysmonitor,0
5396468,sysmonitor,0
5396471,sysmonitor,0
5396472,sysmonitor,0
5396475,sysmonitor,0
5396479,sysmonitor,0
5396480,sysmonitor,0
5396482,sysmonitor,0
5396486,sysmonitor,0
5396487,sysmonitor,0
5396489,sysmonitor,0
5396491,sysmonitor,0
5396493,sysmonitor,0
5396494,sysmonitor,0
5396496,sysmonitor,0
5396498,sysmonitor,0
5396500,sysmonitor,0
5396502,sysmonitor,0
5396503,sysmonitor,0
5396507,sysmonitor,0
5396509,sysmonitor,0
5396510,sysmonitor,0
5396514,sysmonitor,0
5396516,sysmonitor,0
5396517,sysmonitor,0
5396518,sysmonitor,0
5396521,sysmonitor,0
5396524,sysmonitor,0
5396525,sysmonitor,0
5396528,sysmonitor,0
5396532,sysmonitor,0
5396534,sysmonitor,0
5396535,sysmonitor,0
5396539,sysmonitor,0
5396542,sysmonitor,0
5396543,sysmonitor,0
5396544,sysmonitor,0
5396546,sysmonitor,0
5396547,sysmonitor,0
5396549,sysmonitor,0
5396552,sysmonitor,0
5396553,sysmonitor,0
5396554,sysmonitor,0
5396555,sysmonitor,0
5396557,sysmonitor,0
5396560,sysmonitor,0
5396561,sysmonitor,0
5396562,sysmonitor,0
5396564,sysmonitor,0
5396567,sysmonitor,0
5396569,sysmonitor,0
5396571,sysmonitor,0
5396573,sysmonitor,0
5396574,sysmonitor,0
5396577,sysmonitor,0
5396578,sysmonitor,0
5396581,sysmonitor,0
5396582,sysmonitor,0
5396584,sysmonitor,0
5396585,sysmonitor,0
5396588,sysmonitor,0
5396591,sysmonitor,0
5396592,sysmonitor,0
5396596,sysmonitor,0
5396599,sysmonitor,0
5396600,sysmonitor,0
5396603,sysmonitor,0
5396606,sysmonitor,0
5396607,sysmonitor,0
5396609,sysmonitor,0
5396610,sysmonitor,0
5396613,sysmonitor,0
5396614,sysmonitor,0
5396617,sysmonitor,0
5396618,sysmonitor,0
5396619,sysmonitor,0
5396620,sysmonitor,0
5396622,sysmonitor,0
5396624,sysmonitor,0
5396627,sysmonitor,0
5396629,sysmonitor,0
5396631,sysmonitor,0
5396634,sysmonitor,0
5396635,sysmonitor,0
5396636,sysmonitor,0
5396637,sysmonitor,0
5396638,sysmonitor,0
5396642,sysmonitor,0
5396644,sysmonitor,0
5396645,sysmonitor,0
5396647,sysmonitor,0
5396649,sysmonitor,0
5396652,sysmonitor,0
5396654,sysmonitor,0
5396656,sysmonitor,0
5396659,sysmonitor,0
5396663,sysmonitor,0
5396666,sysmonitor,0
5396667,sysmonitor,0
5396670,sysmonitor,0
5396672,sysmonitor,0
5396674,sysmonitor,0
5396676,sysmonitor,1
5396677,sysmonitor,0
5396681,sysmonitor,0
5396682,sysmonitor,0
5396684,sysmonitor,0
5396688,sysmonitor,0
5396689,sysmonitor,0
5396690,sysmonitor,0
5396691,sysmonitor,0
5396695,sysmonitor,0
5396697,sysmonitor,0
5396698,sysmonitor,0
5396699,sysmonitor,0
5396701,sysmonitor,0
5396702,sysmonitor,0
5396704,sysmonitor,0
5396705,sysmonitor,0
5396708,sysmonitor,0
5396709,sysmonitor,0
5396712,sysmonitor,0
5396716,sysmonitor,0
5396717,sysmonitor,0
5396719,sysmonitor,0
5396720,sysmonitor,0
5396723,sysmonitor,0
5396726,sysmonitor,0
5396727,sysmonitor,0
5396729,sysmonitor,0
5396730,sysmonitor,0
5396734,sysmonitor,0
5396735,sysmonitor,0
5396737,sysmonitor,0
5396741,sysmonitor,0
5396742,sysmonitor,0
5396744,sysmonitor,0
5396747,sysmonitor,0
5396748,sysmonitor,0
5396749,sysmonitor,0
5396751,sysmonitor,0
5396753,sysmonitor,0
5396755,sysmonitor,0
5396756,sysmonitor,0
5396757,sysmonitor,0
5396759,sysmonitor,0
5396762,sysmonitor,0
5396763,sysmonitor,0
5396764,sysmonitor,0
5396765,sysmonitor,0
5396766,sysmonitor,0
5396769,sysmonitor,0
5396771,sysmonitor,0
5396772,sysmonitor,0
5396773,sysmonitor,0
5396774,sysmonitor,0
5396776,sysmonitor,0
5396779,sysmonitor,0
5396780,sysmonitor,0
5396781,sysmonitor,0
5396783,sysmonitor,0
5396787,sysmonitor,0
5396789,sysmonitor,0
5396790,sysmonitor,0
5396792,sysmonitor,0
5396794,sysmonitor,0
5396798,sysmonitor,0
5396799,sysmonitor,0
5396801,sysmonitor,0
5396802,sysmonitor,0
5396805,sysmonitor,0
5396808,sysmonitor,0
5396810,sysmonitor,0
5396812,sysmonitor,0
5396815,sysmonitor,0
5396817,sysmonitor,0
5396819,sysmonitor,0
5396822,sysmonitor,0
5396825,sysmonitor,0
5396826,sysmonitor,0
5396828,sysmonitor,0
5396829,sysmonitor,0
5396832,sysmonitor,0
5396833,sysmonitor,0
5396837,sysmonitor,0
5396840,sysmonitor,0
5396844,sysmonitor,0
5396846,sysmonitor,0
5396847,sysmonitor,0
5396851,sysmonitor,0
5396854,sysmonitor,0
5396855,sysmonitor,0
5396857,sysmonitor,0
5396858,sysmonitor,0
5396861,sysmonitor,0
5396862,sysmonitor,0
5396864,sysmonitor,0
5396865,sysmonitor,0
5396868,sysmonitor,0
5396870,sysmonitor,0
5396872,sysmonitor,0
5396873,sysmonitor,0
5396875,sysmonitor,0
5396877,sysmonitor,0
5396879,sysmonitor,0
5396882,sysmonitor,0
5396883,sysmonitor,0
5396884,sysmonitor,0
5396885,sysmonitor,0
5396886,sysmonitor,0
5396890,sysmonitor,0
5396891,sysmonitor,0
5396892,sysmonitor,0
5396893,sysmonitor,0
5396897,sysmonitor,0
5396900,sysmonitor,0
5396904,sysmonitor,0
5396907,sysmonitor,0
5396909,sysmonitor,0
5396911,sysmonitor,0
5396914,sysmonitor,0
5396915,sysmonitor,0
5396918,sysmonitor,0
5396922,sysmonitor,0
5396925,sysmonitor,0
5396927,sysmonitor,0
5396929,sysmonitor,0
5396930,sysmonitor,0
5396932,sysmonitor,0
5396936,sysmonitor,0
5396937,sysmonitor,0
5396939,sysmonitor,0
5396943,sysmonitor,0
5396945,sysmonitor,0
5396946,sysmonitor,0
5396948,sysmonitor,0
5396950,sysmonitor,0
5396952,sysmonitor,0
5396953,sysmonitor,0
5396954,sysmonitor,0
5396955,sysmonitor,0
5396957,sysmonitor,0
5396960,sysmonitor,0
5396961,sysmonitor,0
5396963,sysmonitor,0
5396964,sysmonitor,1
5396966,sysmonitor,0
5396967,sysmonitor,0
5396968,sysmonitor,0
5396971,sysmonitor,0
5396973,sysmonitor,0
5396975,sysmonitor,0
5396978,sysmonitor,0
5396982,sysmonitor,0
5396984,sysmonitor,0
5396985,sysmonitor,0
5396989,sysmonitor,0
5396990,sysmonitor,0
5396992,sysmonitor,0
5396993,sysmonitor,0
5396996,sysmonitor,0
5396997,sysmonitor,0
5397000,sysmonitor,0
5397002,sysmonitor,0
5397003,sysmonitor,0
5397005,sysmonitor,0
5397007,sysmonitor,0
5397010,sysmonitor,0
5397011,sysmonitor,0
5397012,sysmonitor,0
5397014,sysmonitor,0
5397017,sysmonitor,0
5397020,sysmonitor,0
5397021,sysmonitor,0
5397024,sysmonitor,0
5397027,sysmonitor,0
5397028,sysmonitor,0
5397029,sysmonitor,0
5397031,sysmonitor,0
5397035,sysmonitor,0
5397038,sysmonitor,0
5397039,sysmonitor,0
5397040,sysmonitor,0
5397042,sysmonitor,0
5397046,sysmonitor,0
5397047,sysmonitor,0
5397049,sysmonitor,0
5397050,sysmonitor,0
5397053,sysmonitor,0
5397056,sysmonitor,0
5397057,sysmonitor,0
5397060,sysmonitor,0
5397063,sysmonitor,0
5397065,sysmonitor,0
5397067,sysmonitor,0
5397068,sysmonitor,0
5397070,sysmonitor,0
5397072,sysmonitor,0
5397074,sysmonitor,0
5397078,sysmonitor,0
5397080,sysmonitor,0
5397081,sysmonitor,0
5397083,sysmonitor,0
5397085,sysmonitor,0
5397087,sysmonitor,0
5397088,sysmonitor,0
5397092,sysmonitor,0
5397095,sysmonitor,0
5397099,sysmonitor,0
5397101,sysmonitor,0
5397102,sysmonitor,0
5397104,sysmonitor,0
5397106,sysmonitor,0
5397109,sysmonitor,0
5397110,sysmonitor,0
5397113,sysmonitor,0
5397116,sysmonitor,0
5397117,sysmonitor,0
5397119,sysmonitor,0
5397120,sysmonitor,0
5397122,sysmonitor,0
5397124,sysmonitor,0
5397125,sysmonitor,0
5397127,sysmonitor,0
5397128,sysmonitor,0
5397129,sysmonitor,0
5397131,sysmonitor,0
5397132,sysmonitor,0
5397134,sysmonitor,0
5397137,sysmonitor,0
5397138,sysmonitor,0
5397140,sysmonitor,0
5397141,sysmonitor,0
5397145,sysmonitor,0
5397146,sysmonitor,0
5397147,sysmonitor,0
5397148,sysmonitor,0
5397149,sysmonitor,0
5397152,sysmonitor,0
5397155,sysmonitor,0
5397156,sysmonitor,0
5397158,sysmonitor,0
5397159,sysmonitor,0
5397162,sysmonitor,0
5397163,sysmonitor,0
5397164,sysmonitor,0
5397165,sysmonitor,0
5397166,sysmonitor,0
5397167,sysmonitor,0
5397170,sysmonitor,0
5397173,sysmonitor,0
5397174,sysmonitor,0
5397176,sysmonitor,0
5397177,sysmonitor,0
5397180,sysmonitor,0
5397183,sysmonitor,0
5397184,sysmonitor,0
5397185,sysmonitor,0
5397187,sysmonitor,0
5397191,sysmonitor,0
5397192,sysmonitor,0
5397194,sysmonitor,0
5397198,sysmonitor,0
5397200,sysmonitor,0
5397202,sysmonitor,0
5397203,sysmonitor,0
5397205,sysmonitor,0
5397207,sysmonitor,0
5397209,sysmonitor,0
5397212,sysmonitor,0
5397215,sysmonitor,0
5397216,sysmonitor,0
5397219,sysmonitor,0
5397221,sysmonitor,0
5397223,sysmonitor,0
5397226,sysmonitor,0
5397230,sysmonitor,0
5397233,sysmonitor,0
5397237,sysmonitor,0
5397238,sysmonitor,0
5397239,sysmonitor,0
5397241,sysmonitor,0
5397244,sysmonitor,0
5397245,sysmonitor,0
5397248,sysmonitor,0
5397251,sysmonitor,0
5397252,sysmonitor,1
5397253,sysmonitor,0
5397255,sysmonitor,0
5397257,sysmonitor,0
5397258,sysmonitor,0
5397260,sysmonitor,0
5397262,sysmonitor,0
5397265,sysmonitor,0
5397266,sysmonitor,0
5397268,sysmonitor,0
5397269,sysmonitor,0
5397272,sysmonitor,0
5397275,sysmonitor,0
5397276,sysmonitor,0
5397277,sysmonitor,0
5397280,sysmonitor,0
5397283,sysmonitor,0
5397284,sysmonitor,0
5397287,sysmonitor,0
5397290,sysmonitor,0
5397293,sysmonitor,0
5397294,sysmonitor,0
5397297,sysmonitor,0
5397298,sysmonitor,0
5397301,sysmonitor,0
5397302,sysmonitor,0
5397304,sysmonitor,0
5397305,sysmonitor,0
5397308,sysmonitor,0
5397311,sysmonitor,0
5397313,sysmonitor,0
5397315,sysmonitor,0
5397319,sysmonitor,0
5397320,sysmonitor,0
5397321,sysmonitor,0
5397322,sysmonitor,0
5397326,sysmonitor,0
5397328,sysmonitor,0
5397329,sysmonitor,0
5397331,sysmonitor,0
5397333,sysmonitor,0
5397335,sysmonitor,0
5397336,sysmonitor,0
5397338,sysmonitor,0
5397340,sysmonitor,0
5397343,sysmonitor,0
5397347,sysmonitor,0
5397350,sysmonitor,0
5397354,sysmonitor,0
5397356,sysmonitor,0
5397357,sysmonitor,0
5397358,sysmonitor,0
5397359,sysmonitor,0
5397361,sysmonitor,0
5397365,sysmonitor,0
5397366,sysmonitor,0
5397368,sysmonitor,0
5397372,sysmonitor,0
5397373,sysmonitor,0
5397374,sysmonitor,0
5397375,sysmonitor,0
5397377,sysmonitor,0
5397379,sysmonitor,0
5397380,sysmonitor,0
5397382,sysmonitor,0
5397383,sysmonitor,0
5397384,sysmonitor,0
5397386,sysmonitor,0
5397388,sysmonitor,0
5397389,sysmonitor,0
5397393,sysmonitor,0
5397395,sysmonitor,0
5397397,sysmonitor,0
5397400,sysmonitor,0
5397403,sysmonitor,0
5397404,sysmonitor,0
5397407,sysmonitor,0
5397410,sysmonitor,0
5397411,sysmonitor,0
5397413,sysmonitor,0
5397414,sysmonitor,0
5397418,sysmonitor,0
5397421,sysmonitor,0
5397422,sysmonitor,0
5397425,sysmonitor,0
5397428,sysmonitor,0
5397431,sysmonitor,0
5397432,sysmonitor,0
5397433,sysmonitor,0
5397435,sysmonitor,0
5397439,sysmonitor,0
5397440,sysmonitor,0
5397443,sysmonitor,0
5397446,sysmonitor,0
5397448,sysmonitor,0
5397449,sysmonitor,0
5397450,sysmonitor,0
5397453,sysmonitor,0
5397455,sysmonitor,0
5397457,sysmonitor,0
5397458,sysmonitor,0
5397460,sysmonitor,0
5397463,sysmonitor,0
5397464,sysmonitor,0
5397467,sysmonitor,0
5397470,sysmonitor,0
5397471,sysmonitor,0
5397474,sysmonitor,0
5397475,sysmonitor,0
5397476,sysmonitor,0
5397478,sysmonitor,0
5397482,sysmonitor,0
5397485,sysmonitor,0
5397488,sysmonitor,0
5397489,sysmonitor,0
5397492,sysmonitor,0
5397493,sysmonitor,0
5397494,sysmonitor,0
5397495,sysmonitor,0
5397496,sysmonitor,0
5397497,sysmonitor,0
5397499,sysmonitor,0
5397500,sysmonitor,0
5397503,sysmonitor,0
5397504,sysmonitor,0
5397506,sysmonitor,0
5397508,sysmonitor,0
5397510,sysmonitor,0
5397512,sysmonitor,0
5397513,sysmonitor,0
5397515,sysmonitor,0
5397517,sysmonitor,0
5397521,sysmonitor,0
5397522,sysmonitor,0
5397523,sysmonitor,0
5397524,sysmonitor,0
5397528,sysmonitor,0
5397530,sysmonitor,0
5397531,sysmonitor,0
5397533,sysmonitor,0
5397535,sysmonitor,0
5397538,sysmonitor,0
5397540,sysmonitor,1
5397542,sysmonitor,0
5397545,sysmonitor,0
5397549,sysmonitor,0
5397551,sysmonitor,0
5397552,sysmonitor,0
5397553,sysmonitor,0
5397556,sysmonitor,0
5397558,sysmonitor,0
5397560,sysmonitor,0
5397563,sysmonitor,0
5397567,sysmonitor,0
5397568,sysmonitor,0
5397569,sysmonitor,0
5397570,sysmonitor,0
5397574,sysmonitor,0
5397575,sysmonitor,0
5397577,sysmonitor,0
5397578,sysmonitor,0
5397581,sysmonitor,0
5397583,sysmonitor,0
5397584,sysmonitor,0
5397587,sysmonitor,0
5397588,sysmonitor,0
5397590,sysmonitor,0
5397591,sysmonitor,0
5397595,sysmonitor,0
5397596,sysmonitor,0
5397598,sysmonitor,0
5397602,sysmonitor,0
5397605,sysmonitor,0
5397606,sysmonitor,0
5397609,sysmonitor,0
5397613,sysmonitor,0
5397614,sysmonitor,0
5397616,sysmonitor,0
5397620,sysmonitor,0
5397621,sysmonitor,0
5397623,sysmonitor,0
5397627,sysmonitor,0
5397628,sysmonitor,0
5397630,sysmonitor,0
5397632,sysmonitor,0
5397634,sysmonitor,0
5397636,sysmonitor,0
5397638,sysmonitor,0
5397641,sysmonitor,0
5397643,sysmonitor,0
5397645,sysmonitor,0
5397648,sysmonitor,0
5397650,sysmonitor,0
5397651,sysmonitor,0
5397652,sysmonitor,0
5397655,sysmonitor,0
5397658,sysmonitor,0
5397659,sysmonitor,0
5397662,sysmonitor,0
5397666,sysmonitor,0
5397668,sysmonitor,0
5397669,sysmonitor,0
5397673,sysmonitor,0
5397676,sysmonitor,0
5397677,sysmonitor,0
5397680,sysmonitor,0
5397681,sysmonitor,0
5397684,sysmonitor,0
5397686,sysmonitor,0
5397687,sysmonitor,0
5397688,sysmonitor,0
5397691,sysmonitor,0
5397694,sysmonitor,0
5397695,sysmonitor,0
5397696,sysmonitor,0
5397698,sysmonitor,0
5397701,sysmonitor,0
5397703,sysmonitor,0
5397704,sysmonitor,0
5397705,sysmonitor,0
5397708,sysmonitor,0
5397711,sysmonitor,0
5397712,sysmonitor,0
5397713,sysmonitor,0
5397715,sysmonitor,0
5397718,sysmonitor,0
5397719,sysmonitor,0
5397722,sysmonitor,0
5397723,sysmonitor,0
5397724,sysmonitor,0
5397726,sysmonitor,0
5397730,sysmonitor,0
5397731,sysmonitor,0
5397733,sysmonitor,0
5397737,sysmonitor,0
5397740,sysmonitor,0
5397741,sysmonitor,0
5397744,sysmonitor,0
5397747,sysmonitor,0
5397748,sysmonitor,0
5397749,sysmonitor,0
5397751,sysmonitor,0
5397752,sysmonitor,0
5397754,sysmonitor,0
5397756,sysmonitor,0
5397758,sysmonitor,0
5397759,sysmonitor,0
5397761,sysmonitor,0
5397762,sysmonitor,0
5397763,sysmonitor,0
5397765,sysmonitor,0
5397767,sysmonitor,0
5397768,sysmonitor,0
5397769,sysmonitor,0
5397770,sysmonitor,0
5397771,sysmonitor,0
5397772,sysmonitor,0
5397776,sysmonitor,0
5397777,sysmonitor,0
5397778,sysmonitor,0
5397779,sysmonitor,0
5397783,sysmonitor,0
5397785,sysmonitor,0
5397786,sysmonitor,0
5397788,sysmonitor,0
5397790,sysmonitor,0
5397793,sysmonitor,0
5397795,sysmonitor,0
5397797,sysmonitor,0
5397801,sysmonitor,0
5397804,sysmonitor,0
5397806,sysmonitor,0
5397808,sysmonitor,0
5397811,sysmonitor,0
5397815,sysmonitor,0
5397816,sysmonitor,0
5397818,sysmonitor,0
5397822,sysmonitor,0
5397823,sysmonitor,0
5397824,sysmonitor,0
5397825,sysmonitor,0
5397828,sysmonitor,1
5397829,sysmonitor,0
5397831,sysmonitor,0
5397832,sysmonitor,0
5397833,sysmonitor,0
5397836,sysmonitor,0
5397838,sysmonitor,0
5397839,sysmonitor,0
5397842,sysmonitor,0
5397843,sysmonitor,0
5397846,sysmonitor,0
5397847,sysmonitor,0
5397850,sysmonitor,0
5397851,sysmonitor,0
5397853,sysmonitor,0
5397854,sysmonitor,0
5397857,sysmonitor,0
5397860,sysmonitor,0
5397861,sysmonitor,0
5397864,sysmonitor,0
5397868,sysmonitor,0
5397869,sysmonitor,0
5397871,sysmonitor,0
5397875,sysmonitor,0
5397876,sysmonitor,0
5397878,sysmonitor,0
5397879,sysmonitor,0
5397882,sysmonitor,0
5397883,sysmonitor,0
5397886,sysmonitor,0
5397887,sysmonitor,0
5397889,sysmonitor,0
5397891,sysmonitor,0
5397893,sysmonitor,0
5397896,sysmonitor,0
5397898,sysmonitor,0
5397899,sysmonitor,0
5397900,sysmonitor,0
5397903,sysmonitor,0
5397905,sysmonitor,0
5397906,sysmonitor,0
5397907,sysmonitor,0
5397908,sysmonitor,0
5397910,sysmonitor,0
5397913,sysmonitor,0
5397914,sysmonitor,0
5397915,sysmonitor,0
5397917,sysmonitor,0
5397919,sysmonitor,0
5397921,sysmonitor,0
5397924,sysmonitor,0
5397925,sysmonitor,0
5397926,sysmonitor,0
5397928,sysmonitor,0
5397932,sysmonitor,0
5397935,sysmonitor,0
5397936,sysmonitor,0
5397937,sysmonitor,0
5397939,sysmonitor,0
5397942,sysmonitor,0
5397943,sysmonitor,0
5397944,sysmonitor,0
5397946,sysmonitor,0
5397949,sysmonitor,0
5397951,sysmonitor,0
5397953,sysmonitor,0
5397955,sysmonitor,0
5397956,sysmonitor,0
5397957,sysmonitor,0
5397958,sysmonitor,0
5397960,sysmonitor,0
5397962,sysmonitor,0
5397964,sysmonitor,0
5397966,sysmonitor,0
5397967,sysmonitor,0
5397971,sysmonitor,0
5397973,sysmonitor,0
5397974,sysmonitor,0
5397978,sysmonitor,0
5397980,sysmonitor,0
5397981,sysmonitor,0
5397982,sysmonitor,0
5397985,sysmonitor,0
5397988,sysmonitor,0
5397989,sysmonitor,0
5397991,sysmonitor,0
5397992,sysmonitor,0
5397995,sysmonitor,0
5397996,sysmonitor,0
5397998,sysmonitor,0
5397999,sysmonitor,0
5398000,sysmonitor,0
5398003,sysmonitor,0
5398006,sysmonitor,0
5398007,sysmonitor,0
5398009,sysmonitor,0
5398010,sysmonitor,0
5398011,sysmonitor,0
5398013,sysmonitor,0
5398016,sysmonitor,0
5398017,sysmonitor,0
5398018,sysmonitor,0
5398019,sysmonitor,0
5398020,sysmonitor,0
5398024,sysmonitor,0
5398025,sysmonitor,0
5398026,sysmonitor,0
5398027,sysmonitor,0
5398031,sysmonitor,0
5398034,sysmonitor,0
5398036,sysmonitor,0
5398038,sysmonitor,0
5398041,sysmonitor,0
5398042,sysmonitor,0
5398043,sysmonitor,0
5398045,sysmonitor,0
5398049,sysmonitor,0
5398052,sysmonitor,0
5398054,sysmonitor,0
5398056,sysmonitor,0
5398059,sysmonitor,0
5398061,sysmonitor,0
5398063,sysmonitor,0
5398064,sysmonitor,0
5398065,sysmonitor,0
5398066,sysmonitor,0
5398070,sysmonitor,0
5398071,sysmonitor,0
5398072,sysmonitor,0
5398073,sysmonitor,0
5398075,sysmonitor,0
5398077,sysmonitor,0
5398079,sysmonitor,0
5398080,sysmonitor,0
5398081,sysmonitor,0
5398084,sysmonitor,0
5398086,sysmonitor,0
5398088,sysmonitor,0
5398090,sysmonitor,0
5398091,sysmonitor,0
5398093,sysmonitor,0
5398094,sysmonitor,0
5398095,sysmonitor,0
5398097,sysmonitor,0
5398098,sysmonitor,0
5398099,sysmonitor,0
5398101,sysmonitor,0
5398102,sysmonitor,0
5398105,sysmonitor,0
5398106,sysmonitor,0
5398108,sysmonitor,0
5398109,sysmonitor,0
5398111,sysmonitor,0
5398112,sysmonitor,0
5398115,sysmonitor,0
5398116,sysmonitor,1
5398117,sysmonitor,0
5398120,sysmonitor,0
5398123,sysmonitor,0
5398124,sysmonitor,0
5398126,sysmonitor,0
5398127,sysmonitor,0
5398129,sysmonitor,0
5398130,sysmonitor,0
5398131,sysmonitor,0
5398133,sysmonitor,0
5398134,sysmonitor,0
5398135,sysmonitor,0
5398137,sysmonitor,0
5398138,sysmonitor,0
5398139,sysmonitor,0
5398141,sysmonitor,0
5398142,sysmonitor,0
5398144,sysmonitor,0
5398146,sysmonitor,0
5398147,sysmonitor,0
5398148,sysmonitor,0
5398151,sysmonitor,0
5398154,sysmonitor,0
5398155,sysmonitor,0
5398156,sysmonitor,0
5398158,sysmonitor,0
5398160,sysmonitor,0
5398161,sysmonitor,0
5398162,sysmonitor,0
5398163,sysmonitor,0
5398165,sysmonitor,0
5398166,sysmonitor,0
5398169,sysmonitor,0
5398172,sysmonitor,0
5398173,sysmonitor,0
5398174,sysmonitor,0
5398176,sysmonitor,0
5398178,sysmonitor,0
5398179,sysmonitor,0
5398180,sysmonitor,0
5398181,sysmonitor,0
5398183,sysmonitor,0
5398184,sysmonitor,0
5398187,sysmonitor,0
5398188,sysmonitor,0
5398190,sysmonitor,0
5398191,sysmonitor,0
5398192,sysmonitor,0
5398194,sysmonitor,0
5398196,sysmonitor,0
5398197,sysmonitor,0
5398199,sysmonitor,0
5398201,sysmonitor,0
5398205,sysmonitor,0
5398206,sysmonitor,0
5398208,sysmonitor,0
5398210,sysmonitor,0
5398212,sysmonitor,0
5398214,sysmonitor,0
5398215,sysmonitor,0
5398217,sysmonitor,0
5398219,sysmonitor,0
5398221,sysmonitor,0
5398222,sysmonitor,0
5398224,sysmonitor,0
5398226,sysmonitor,0
5398228,sysmonitor,0
5398229,sysmonitor,0
5398233,sysmonitor,0
5398235,sysmonitor,0
5398236,sysmonitor,0
5398237,sysmonitor,0
5398240,sysmonitor,0
5398244,sysmonitor,0
5398246,sysmonitor,0
5398247,sysmonitor,0
5398251,sysmonitor,0
5398253,sysmonitor,0
5398254,sysmonitor,0
5398255,sysmonitor,0
5398257,sysmonitor,0
5398258,sysmonitor,0
5398259,sysmonitor,0
5398261,sysmonitor,0
5398262,sysmonitor,0
5398264,sysmonitor,0
5398265,sysmonitor,0
5398266,sysmonitor,0
5398267,sysmonitor,0
5398268,sysmonitor,0
5398271,sysmonitor,0
5398272,sysmonitor,0
5398273,sysmonitor,0
5398274,sysmonitor,0
5398275,sysmonitor,0
5398276,sysmonitor,0
5398279,sysmonitor,0
5398280,sysmonitor,0
5398281,sysmonitor,0
5398282,sysmonitor,0
5398283,sysmonitor,0
5398285,sysmonitor,0
5398286,sysmonitor,0
5398289,sysmonitor,0
5398290,sysmonitor,0
5398291,sysmonitor,0
5398293,sysmonitor,0
5398294,sysmonitor,0
5398296,sysmonitor,0
5398297,sysmonitor,0
5398298,sysmonitor,0
5398300,sysmonitor,0
5398303,sysmonitor,0
5398304,sysmonitor,0
5398307,sysmonitor,0
5398310,sysmonitor,0
5398311,sysmonitor,0
5398312,sysmonitor,0
5398314,sysmonitor,0
5398316,sysmonitor,0
5398317,sysmonitor,0
5398318,sysmonitor,0
5398319,sysmonitor,0
5398321,sysmonitor,0
5398322,sysmonitor,0
5398325,sysmonitor,0
5398326,sysmonitor,0
5398328,sysmonitor,0
5398329,sysmonitor,0
5398330,sysmonitor,0
5398332,sysmonitor,0
5398334,sysmonitor,0
5398335,sysmonitor,0
5398336,sysmonitor,0
5398337,sysmonitor,0
5398339,sysmonitor,0
5398341,sysmonitor,0
5398343,sysmonitor,0
5398346,sysmonitor,0
5398347,sysmonitor,0
5398348,sysmonitor,0
5398349,sysmonitor,0
5398350,sysmonitor,0
5398353,sysmonitor,0
5398355,sysmonitor,0
5398356,sysmonitor,0
5398357,sysmonitor,0
5398361,sysmonitor,0
5398364,sysmonitor,0
5398366,sysmonitor,0
5398368,sysmonitor,0
5398371,sysmonitor,0
5398373,sysmonitor,0
5398375,sysmonitor,0
5398378,sysmonitor,0
5398379,sysmonitor,0
5398382,sysmonitor,0
5398384,sysmonitor,0
5398385,sysmonitor,0
5398386,sysmonitor,0
5398389,sysmonitor,0
5398391,sysmonitor,0
5398392,sysmonitor,0
5398393,sysmonitor,0
5398394,sysmonitor,0
5398396,sysmonitor,0
5398399,sysmonitor,0
5398400,sysmonitor,0
5398401,sysmonitor,0
5398402,sysmonitor,0
5398403,sysmonitor,0
5398404,sysmonitor,1
5398407,sysmonitor,0
5398409,sysmonitor,0
5398410,sysmonitor,0
5398411,sysmonitor,0
5398414,sysmonitor,0
5398417,sysmonitor,0
5398418,sysmonitor,0
5398420,sysmonitor,0
5398421,sysmonitor,0
5398424,sysmonitor,0
5398427,sysmonitor,0
5398428,sysmonitor,0
5398429,sysmonitor,0
5398431,sysmonitor,0
5398432,sysmonitor,0
5398435,sysmonitor,0
5398436,sysmonitor,0
5398438,sysmonitor,0
5398439,sysmonitor,0
5398441,sysmonitor,0
5398442,sysmonitor,0
5398445,sysmonitor,0
5398446,sysmonitor,0
5398447,sysmonitor,0
5398449,sysmonitor,0
5398450,sysmonitor,0
5398453,sysmonitor,0
5398454,sysmonitor,0
5398456,sysmonitor,0
5398459,sysmonitor,0
5398460,sysmonitor,0
5398462,sysmonitor,0
5398463,sysmonitor,0
5398465,sysmonitor,0
5398467,sysmonitor,0
5398468,sysmonitor,0
5398469,sysmonitor,0
5398470,sysmonitor,0
5398472,sysmonitor,0
5398474,sysmonitor,0
5398477,sysmonitor,0
5398481,sysmonitor,0
5398483,sysmonitor,0
5398484,sysmonitor,0
5398485,sysmonitor,0
5398486,sysmonitor,0
5398488,sysmonitor,0
5398490,sysmonitor,0
5398492,sysmonitor,0
5398495,sysmonitor,0
5398499,sysmonitor,0
5398501,sysmonitor,0
5398502,sysmonitor,0
5398504,sysmonitor,0
5398506,sysmonitor,0
5398507,sysmonitor,0
5398508,sysmonitor,0
5398509,sysmonitor,0
5398510,sysmonitor,0
5398513,sysmonitor,0
5398514,sysmonitor,0
5398516,sysmonitor,0
5398517,sysmonitor,0
5398519,sysmonitor,0
5398520,sysmonitor,0
5398522,sysmonitor,0
5398524,sysmonitor,0
5398526,sysmonitor,0
5398527,sysmonitor,0
5398529,sysmonitor,0
5398531,sysmonitor,0
5398534,sysmonitor,0
5398535,sysmonitor,0
5398537,sysmonitor,0
5398538,sysmonitor,0
5398540,sysmonitor,0
5398541,sysmonitor,0
5398544,sysmonitor,0
5398545,sysmonitor,0
5398547,sysmonitor,0
5398548,sysmonitor,0
5398549,sysmonitor,0
5398552,sysmonitor,0
5398553,sysmonitor,0
5398554,sysmonitor,0
5398555,sysmonitor,0
5398556,sysmonitor,0
5398558,sysmonitor,0
5398559,sysmonitor,0
5398562,sysmonitor,0
5398563,sysmonitor,0
5398565,sysmonitor,0
5398566,sysmonitor,0
5398567,sysmonitor,0
5398570,sysmonitor,0
5398571,sysmonitor,0
5398572,sysmonitor,0
5398573,sysmonitor,0
5398574,sysmonitor,0
5398576,sysmonitor,0
5398577,sysmonitor,0
5398580,sysmonitor,0
5398581,sysmonitor,0
5398582,sysmonitor,0
5398583,sysmonitor,0
5398584,sysmonitor,0
5398585,sysmonitor,0
5398587,sysmonitor,0
5398589,sysmonitor,0
5398590,sysmonitor,0
5398591,sysmonitor,0
5398592,sysmonitor,0
5398594,sysmonitor,0
5398597,sysmonitor,0
5398598,sysmonitor,0
5398601,sysmonitor,0
5398602,sysmonitor,0
5398603,sysmonitor,0
5398604,sysmonitor,0
5398605,sysmonitor,0
5398609,sysmonitor,0
5398610,sysmonitor,0
5398612,sysmonitor,0
5398616,sysmonitor,0
5398619,sysmonitor,0
5398621,sysmonitor,0
5398623,sysmonitor,0
5398626,sysmonitor,0
5398627,sysmonitor,0
5398628,sysmonitor,0
5398630,sysmonitor,0
5398633,sysmonitor,0
5398634,sysmonitor,0
5398637,sysmonitor,0
5398639,sysmonitor,0
5398640,sysmonitor,0
5398641,sysmonitor,0
5398642,sysmonitor,0
5398644,sysmonitor,0
5398646,sysmonitor,0
5398648,sysmonitor,0
5398649,sysmonitor,0
5398651,sysmonitor,0
5398655,sysmonitor,0
5398657,sysmonitor,0
5398658,sysmonitor,0
5398660,sysmonitor,0
5398662,sysmonitor,0
5398664,sysmonitor,0
5398665,sysmonitor,0
5398666,sysmonitor,0
5398669,sysmonitor,0
5398672,sysmonitor,0
5398673,sysmonitor,0
5398675,sysmonitor,0
5398676,sysmonitor,0
5398678,sysmonitor,0
5398679,sysmonitor,0
5398680,sysmonitor,0
5398682,sysmonitor,0
5398683,sysmonitor,0
5398684,sysmonitor,0
5398687,sysmonitor,0
5398690,sysmonitor,0
5398691,sysmonitor,0
5398692,sysmonitor,1
5398693,sysmonitor,0
5398694,sysmonitor,0
5398696,sysmonitor,0
5398697,sysmonitor,0
5398700,sysmonitor,0
5398701,sysmonitor,0
5398702,sysmonitor,0
5398703,sysmonitor,0
5398704,sysmonitor,0
5398705,sysmonitor,0
5398708,sysmonitor,0
5398709,sysmonitor,0
5398711,sysmonitor,0
5398712,sysmonitor,0
5398714,sysmonitor,0
5398715,sysmonitor,0
5398717,sysmonitor,0
5398718,sysmonitor,0
5398719,sysmonitor,0
5398721,sysmonitor,0
5398722,sysmonitor,0
5398723,sysmonitor,0
5398724,sysmonitor,0
5398726,sysmonitor,0
5398727,sysmonitor,0
5398728,sysmonitor,0
5398729,sysmonitor,0
5398730,sysmonitor,0
5398732,sysmonitor,0
5398733,sysmonitor,0
5398736,sysmonitor,0
5398737,sysmonitor,0
5398739,sysmonitor,0
5398740,sysmonitor,0
5398741,sysmonitor,0
5398743,sysmonitor,0
5398747,sysmonitor,0
5398748,sysmonitor,0
5398750,sysmonitor,0
5398754,sysmonitor,0
5398757,sysmonitor,0
5398758,sysmonitor,0
5398759,sysmonitor,0
5398761,sysmonitor,0
5398762,sysmonitor,0
5398765,sysmonitor,0
5398766,sysmonitor,0
5398768,sysmonitor,0
5398769,sysmonitor,0
5398772,sysmonitor,0
5398775,sysmonitor,0
5398777,sysmonitor,0
5398779,sysmonitor,0
5398782,sysmonitor,0
5398784,sysmonitor,0
5398786,sysmonitor,0
5398789,sysmonitor,0
5398792,sysmonitor,0
5398793,sysmonitor,0
5398795,sysmonitor,0
5398796,sysmonitor,0
5398798,sysmonitor,0
5398799,sysmonitor,0
5398800,sysmonitor,0
5398802,sysmonitor,0
5398804,sysmonitor,0
5398807,sysmonitor,0
5398811,sysmonitor,0
5398813,sysmonitor,0
5398814,sysmonitor,0
5398816,sysmonitor,0
5398818,sysmonitor,0
5398820,sysmonitor,0
5398821,sysmonitor,0
5398822,sysmonitor,0
5398825,sysmonitor,0
5398828,sysmonitor,0
5398829,sysmonitor,0
5398830,sysmonitor,0
5398831,sysmonitor,0
5398832,sysmonitor,0
5398834,sysmonitor,0
5398835,sysmonitor,0
5398837,sysmonitor,0
5398838,sysmonitor,0
5398839,sysmonitor,0
5398840,sysmonitor,0
5398843,sysmonitor,0
5398845,sysmonitor,0
5398846,sysmonitor,0
5398847,sysmonitor,0
5398849,sysmonitor,0
5398850,sysmonitor,0
5398852,sysmonitor,0
5398853,sysmonitor,0
5398856,sysmonitor,0
5398857,sysmonitor,0
5398858,sysmonitor,0
5398860,sysmonitor,0
5398861,sysmonitor,0
5398864,sysmonitor,0
5398865,sysmonitor,0
5398867,sysmonitor,0
5398870,sysmonitor,0
5398871,sysmonitor,0
5398874,sysmonitor,0
5398875,sysmonitor,0
5398876,sysmonitor,0
5398878,sysmonitor,0
5398879,sysmonitor,0
5398882,sysmonitor,0
5398883,sysmonitor,0
5398885,sysmonitor,0
5398888,sysmonitor,0
5398889,sysmonitor,0
5398890,sysmonitor,0
5398892,sysmonitor,0
5398894,sysmonitor,0
5398896,sysmonitor,0
5398897,sysmonitor,0
5398899,sysmonitor,0
5398901,sysmonitor,0
5398903,sysmonitor,0
5398905,sysmonitor,0
5398906,sysmonitor,0
5398910,sysmonitor,0
5398912,sysmonitor,0
5398913,sysmonitor,0
5398915,sysmonitor,0
5398917,sysmonitor,0
5398919,sysmonitor,0
5398920,sysmonitor,0
5398921,sysmonitor,0
5398922,sysmonitor,0
5398924,sysmonitor,0
5398927,sysmonitor,0
5398928,sysmonitor,0
5398931,sysmonitor,1
5398932,sysmonitor,1
5398934,sysmonitor,0
5398936,sysmonitor,0
5398939,sysmonitor,0
5398940,sysmonitor,0
5398943,sysmonitor,0
5398946,sysmonitor,0
5398947,sysmonitor,0
5398949,sysmonitor,0
5398950,sysmonitor,0
5398954,sysmonitor,0
5398955,sysmonitor,0
5398957,sysmonitor,0
5398958,sysmonitor,0
5398961,sysmonitor,0
5398962,sysmonitor,0
5398964,sysmonitor,0
5398967,sysmonitor,0
5398968,sysmonitor,0
5398970,sysmonitor,0
5398971,sysmonitor,0
5398975,sysmonitor,0
5398976,sysmonitor,0
5398977,sysmonitor,0
5398978,sysmonitor,0
5398982,sysmonitor,0
5398985,sysmonitor,0
5398989,sysmonitor,0
5398992,sysmonitor,0
5398993,sysmonitor,0
5398994,sysmonitor,0
5398996,sysmonitor,0
5399000,sysmonitor,0
5399003,sysmonitor,0
5399007,sysmonitor,0
5399008,sysmonitor,0
5399010,sysmonitor,0
5399012,sysmonitor,0
5399014,sysmonitor,0
5399015,sysmonitor,0
5399017,sysmonitor,0
5399021,sysmonitor,0
5399023,sysmonitor,0
5399024,sysmonitor,0
5399028,sysmonitor,0
5399030,sysmonitor,0
5399031,sysmonitor,0
5399035,sysmonitor,0
5399038,sysmonitor,0
5399039,sysmonitor,0
5399042,sysmonitor,0
5399045,sysmonitor,0
5399046,sysmonitor,0
5399048,sysmonitor,0
5399049,sysmonitor,0
5399053,sysmonitor,0
5399056,sysmonitor,0
5399057,sysmonitor,0
5399060,sysmonitor,0
5399063,sysmonitor,0
5399066,sysmonitor,0
5399067,sysmonitor,0
5399068,sysmonitor,0
5399070,sysmonitor,0
5399074,sysmonitor,0
5399075,sysmonitor,0
5399078,sysmonitor,0
5399081,sysmonitor,0
5399083,sysmonitor,0
5399084,sysmonitor,0
5399085,sysmonitor,0
5399088,sysmonitor,0
5399090,sysmonitor,0
5399092,sysmonitor,0
5399093,sysmonitor,0
5399095,sysmonitor,0
5399098,sysmonitor,0
5399099,sysmonitor,0
5399102,sysmonitor,0
5399105,sysmonitor,0
5399106,sysmonitor,0
5399109,sysmonitor,0
5399111,sysmonitor,0
5399113,sysmonitor,0
5399116,sysmonitor,1
5399117,sysmonitor,1
5399118,sysmonitor,1
5399120,sysmonitor,0
5399124,sysmonitor,0
5399127,sysmonitor,0
5399128,sysmonitor,0
5399129,sysmonitor,0
5399131,sysmonitor,0
5399134,sysmonitor,0
5399135,sysmonitor,0
5399138,sysmonitor,0
5399141,sysmonitor,0
5399143,sysmonitor,0
5399145,sysmonitor,0
5399147,sysmonitor,0
5399148,sysmonitor,0
5399150,sysmonitor,0
5399152,sysmonitor,0
5399155,sysmonitor,0
5399156,sysmonitor,0
5399158,sysmonitor,0
5399159,sysmonitor,0
5399162,sysmonitor,0
5399165,sysmonitor,0
5399166,sysmonitor,0
5399170,sysmonitor,0
5399173,sysmonitor,0
5399174,sysmonitor,0
5399177,sysmonitor,0
5399180,sysmonitor,0
5399181,sysmonitor,0
5399184,sysmonitor,0
5399187,sysmonitor,0
5399188,sysmonitor,0
5399189,sysmonitor,0
5399190,sysmonitor,0
5399191,sysmonitor,0
5399194,sysmonitor,0
5399195,sysmonitor,0
5399198,sysmonitor,0
5399199,sysmonitor,0
5399201,sysmonitor,0
5399203,sysmonitor,0
5399205,sysmonitor,0
5399207,sysmonitor,0
5399208,sysmonitor,0
5399210,sysmonitor,0
5399212,sysmonitor,0
5399216,sysmonitor,0
5399218,sysmonitor,0
5399219,sysmonitor,1
5399223,sysmonitor,0
5399225,sysmonitor,0
5399226,sysmonitor,0
5399230,sysmonitor,0
5399233,sysmonitor,0
5399234,sysmonitor,0
5399237,sysmonitor,0
5399240,sysmonitor,0
5399243,sysmonitor,0
5399244,sysmonitor,0
5399247,sysmonitor,0
5399248,sysmonitor,0
5399251,sysmonitor,0
5399252,sysmonitor,0
5399254,sysmonitor,0
5399255,sysmonitor,0
5399258,sysmonitor,0
5399261,sysmonitor,0
5399262,sysmonitor,0
5399263,sysmonitor,0
5399265,sysmonitor,0
5399267,sysmonitor,0
5399269,sysmonitor,0
5399270,sysmonitor,0
5399272,sysmonitor,0
5399276,sysmonitor,0
5399277,sysmonitor,0
5399278,sysmonitor,0
5399279,sysmonitor,0
5399283,sysmonitor,0
5399285,sysmonitor,0
5399286,sysmonitor,0
5399290,sysmonitor,0
5399293,sysmonitor,0
5399294,sysmonitor,0
5399297,sysmonitor,0
5399300,sysmonitor,0
5399303,sysmonitor,0
5399304,sysmonitor,0
5399308,sysmonitor,0
5399311,sysmonitor,0
5399312,sysmonitor,0
5399315,sysmonitor,0
5399318,sysmonitor,0
5399321,sysmonitor,0
5399322,sysmonitor,0
5399323,sysmonitor,0
5399325,sysmonitor,0
5399329,sysmonitor,0
5399330,sysmonitor,0
5399332,sysmonitor,0
5399336,sysmonitor,0
5399338,sysmonitor,0
5399339,sysmonitor,0
5399343,sysmonitor,0
5399345,sysmonitor,0
5399346,sysmonitor,0
5399348,sysmonitor,0
5399350,sysmonitor,0
5399353,sysmonitor,0
5399354,sysmonitor,0
5399357,sysmonitor,0
5399360,sysmonitor,0
5399361,sysmonitor,0
5399364,sysmonitor,0
5399366,sysmonitor,0
5399368,sysmonitor,0
5399371,sysmonitor,0
5399372,sysmonitor,0
5399373,sysmonitor,0
5399375,sysmonitor,0
5399378,sysmonitor,0
5399381,sysmonitor,0
5399382,sysmonitor,0
5399383,sysmonitor,0
5399385,sysmonitor,0
5399389,sysmonitor,0
5399390,sysmonitor,0
5399392,sysmonitor,0
5399396,sysmonitor,0
5399398,sysmonitor,0
5399399,sysmonitor,0
5399400,sysmonitor,0
5399403,sysmonitor,0
5399405,sysmonitor,0
5399407,sysmonitor,0
5399408,sysmonitor,0
5399410,sysmonitor,0
5399413,sysmonitor,0
5399414,sysmonitor,0
5399417,sysmonitor,0
5399420,sysmonitor,0
5399421,sysmonitor,0
5399424,sysmonitor,0
5399426,sysmonitor,0
5399428,sysmonitor,0
5399431,sysmonitor,0
5399435,sysmonitor,0
5399438,sysmonitor,0
5399442,sysmonitor,0
5399443,sysmonitor,1
5399448,sysmonitor,1
5399450,sysmonitor,1
5399451,sysmonitor,1
5399458,sysmonitor,1
5399459,sysmonitor,1
5399462,sysmonitor,1
5399463,sysmonitor,1
5399468,sysmonitor,1
5399471,sysmonitor,1
5399472,sysmonitor,1
5399474,sysmonitor,0
5399475,sysmonitor,0
5399479,sysmonitor,0
5399480,sysmonitor,1
5399482,sysmonitor,0
5399486,sysmonitor,0
5399487,sysmonitor,0
5399489,sysmonitor,1
5399493,sysmonitor,0
5399494,sysmonitor,0
5399496,sysmonitor,1
5399500,sysmonitor,0
5399502,sysmonitor,0
5399503,sysmonitor,0
5399504,sysmonitor,1
5399505,sysmonitor,1
5399507,sysmonitor,0
5399509,sysmonitor,0
5399511,sysmonitor,0
5399513,sysmonitor,1
5399514,sysmonitor,1
5399517,sysmonitor,0
5399518,sysmonitor,0
5399521,sysmonitor,0
5399522,sysmonitor,1
5399524,sysmonitor,0
5399525,sysmonitor,0
5399528,sysmonitor,0
5399531,sysmonitor,1
5399532,sysmonitor,0
5399535,sysmonitor,0
5399539,sysmonitor,0
5399540,sysmonitor,1
5399542,sysmonitor,0
5399546,sysmonitor,0
5399547,sysmonitor,0
5399549,sysmonitor,1
5399553,sysmonitor,0
5399554,sysmonitor,0
